#
# There is insufficient memory for the Java Runtime Environment to continue.
# Native memory allocation (mmap) failed to map 2154496 bytes. Error detail: object start array expansion
# Possible reasons:
#   The system is out of physical RAM or swap space
#   This process is running with CompressedOops enabled, and the Java Heap may be blocking the growth of the native heap
# Possible solutions:
#   Reduce memory load on the system
#   Increase physical memory or swap space
#   Check if swap backing store is full
#   Decrease Java heap size (-Xmx/-Xms)
#   Decrease number of Java threads
#   Decrease Java thread stack sizes (-Xss)
#   Set larger code cache with -XX:ReservedCodeCacheSize=
#   JVM is running with Unscaled Compressed Oops mode in which the Java heap is
#     placed in the first 4GB address space. The Java Heap base address is the
#     maximum limit for the native heap growth. Please use -XX:HeapBaseMinAddress
#     to set the Java Heap base and to place the Java Heap above 4GB virtual address.
# This output file may be truncated or incomplete.
#
#  Out of Memory Error (objectStartArray.cpp:105), pid=6688, tid=11884
#
# JRE version: OpenJDK Runtime Environment Temurin-21.0.12.1+1 (21.0.12.1+1) (build 21.0.12.1+1-LTS)
# Java VM: OpenJDK 64-Bit Server VM Temurin-21.0.12.1+1 (21.0.12.1+1-LTS, mixed mode, sharing, tiered, compressed oops, compressed class ptrs, parallel gc, windows-amd64)
# No core dump will be written. Minidumps are not enabled by default on client versions of Windows
#

---------------  S U M M A R Y ------------

Command Line: --add-modules=ALL-SYSTEM --add-opens=java.base/java.util=ALL-UNNAMED --add-opens=java.base/java.lang=ALL-UNNAMED --add-opens=java.base/sun.nio.fs=ALL-UNNAMED -Declipse.application=org.eclipse.jdt.ls.core.id1 -Dosgi.bundles.defaultStartLevel=4 -Declipse.product=org.eclipse.jdt.ls.core.product -Djava.import.generatesMetadataFilesAtProjectRoot=false -Dm2e.project.cache.size=50 -DDetectVMInstallationsJob.disabled=true -Dfile.encoding=utf8 -XX:+UseParallelGC -XX:GCTimeRatio=4 -XX:AdaptiveSizePolicyWeight=90 -Dsun.zip.disableMemoryMapping=true -Xmx2G -Xms100m -Xlog:disable -javaagent:c:\Users\asus\.vscode\extensions\redhat.java-1.56.0-win32-x64\lombok\lombok-1.18.39-4050.jar -XX:+HeapDumpOnOutOfMemoryError -XX:HeapDumpPath=c:\Users\asus\AppData\Roaming\Code\User\workspaceStorage\1b6b6f3a0179c8af080228ce357b01e7\redhat.java -Daether.dependencyCollector.impl=bf c:\Users\asus\.vscode\extensions\redhat.java-1.56.0-win32-x64\server\plugins\org.eclipse.equinox.launcher_1.8.0.v20260804-1928.jar -configuration c:\Users\asus\AppData\Roaming\Code\User\globalStorage\redhat.java\1.56.0\config_win -data c:\Users\asus\AppData\Roaming\Code\User\workspaceStorage\1b6b6f3a0179c8af080228ce357b01e7\redhat.java\jdt_ws --pipe=\\.\pipe\lsp-45dbe8e79f104eca98281d3c175432a2-sock

Host: AMD Ryzen 5 7520U with Radeon Graphics         , 8 cores, 15G,  Windows 11 , 64 bit Build 26100 (10.0.26100.9278)
Time: Thu Sep 17 20:53:04 2026 SE Asia Standard Time elapsed time: 2613.363002 seconds (0d 0h 43m 33s)

---------------  T H R E A D  ---------------

Current thread (0x000001d55e8c5040):  JavaThread "Java indexing" daemon [_thread_in_vm, id=11884, stack(0x0000009d68100000,0x0000009d68200000) (1024K)]

Stack: [0x0000009d68100000,0x0000009d68200000]
Native frames: (J=compiled Java code, j=interpreted, Vv=VM code, C=native code)
V  [jvm.dll+0x6d83e9]
V  [jvm.dll+0x8b5736]
V  [jvm.dll+0x8b7cee]
V  [jvm.dll+0x8b83d3]
V  [jvm.dll+0x284596]
V  [jvm.dll+0x6c2654]
V  [jvm.dll+0x70f4c2]
V  [jvm.dll+0x70ef11]
V  [jvm.dll+0x70ee58]
V  [jvm.dll+0x70eff4]
V  [jvm.dll+0x6e5816]
V  [jvm.dll+0x6e58d9]
V  [jvm.dll+0x6e651e]
V  [jvm.dll+0x667ac0]
V  [jvm.dll+0x2438e2]
V  [jvm.dll+0xd091b]
V  [jvm.dll+0x7346b8]
C  0x000001d50fd0f629

The last pc belongs to _new_array_Java (printed below).
Java frames: (J=compiled Java code, j=interpreted, Vv=VM code)
v  ~RuntimeStub::_new_array_Java 0x000001d50fd0f629
J 12015 c2 org.eclipse.jdt.internal.core.index.DiskIndex.readCategoryTable([CZ)Lorg/eclipse/jdt/internal/compiler/util/HashtableOfObject; (743 bytes) @ 0x000001d510a99350 [0x000001d510a969c0+0x0000000000002990]
J 11999 c1 org.eclipse.jdt.internal.core.index.DiskIndex.mergeCategory([CLorg/eclipse/jdt/internal/core/index/DiskIndex;[ILjava/io/OutputStream;)V (301 bytes) @ 0x000001d509f6f114 [0x000001d509f6ee80+0x0000000000000294]
j  org.eclipse.jdt.internal.core.index.DiskIndex.mergeCategories(Lorg/eclipse/jdt/internal/core/index/DiskIndex;[ILjava/io/OutputStream;)V+109
j  org.eclipse.jdt.internal.core.index.DiskIndex.mergeWith(Lorg/eclipse/jdt/internal/core/index/MemoryIndex;)Lorg/eclipse/jdt/internal/core/index/DiskIndex;+335
j  org.eclipse.jdt.internal.core.index.Index.save()Z+40
j  org.eclipse.jdt.internal.core.search.indexing.IndexManager.saveIndex(Lorg/eclipse/jdt/internal/core/index/Index;)V+39
j  org.eclipse.jdt.internal.core.search.indexing.IndexManager.saveIndexes()V+139
j  org.eclipse.jdt.internal.core.search.indexing.IndexManager.notifyIdle(J)V+16
j  org.eclipse.jdt.internal.core.search.processing.JobManager.indexerLoop()V+110
j  org.eclipse.jdt.internal.core.search.processing.JobManager$$Lambda+0x000001d51d327030.run()V+4
j  java.lang.Thread.runWith(Ljava/lang/Object;Ljava/lang/Runnable;)V+5 java.base@21.0.12.1
j  java.lang.Thread.run()V+19 java.base@21.0.12.1
v  ~StubRoutines::call_stub 0x000001d50fca100d
--------------------------------------------------------------------------------
Decoding CodeBlob, name: _new_array_Java, at  [0x000001d50fd0f600, 0x000001d50fd0f670]  112 bytes
[MachCode]
  0x000001d50fd0f600: 4881 ec28 | 0000 0048 | 896c 2420 | 4989 a7a0 | 0300 0048 | 8bca 418b | d04d 8bc7 | 49ba 2046 
  0x000001d50fd0f620: 7245 fd7f | 0000 41ff | d20f 1f84 | 0000 0000 | 004d 89a7 | a003 0000 | 4d89 a7a8 | 0300 0049 
  0x000001d50fd0f640: 8b87 f803 | 0000 4d89 | a7f8 0300 | 004d 3b67 | 0875 0648 | 83c4 205d | c333 db49 | ba00 0fca 
  0x000001d50fd0f660: 0fd5 0100 | 0048 83c4 | 205d 41ff | e2f4 f4f4 
[/MachCode]
--------------------------------------------------------------------------------


Compiled method (c2) 2613444 12015  s!   4       org.eclipse.jdt.internal.core.index.DiskIndex::readCategoryTable (743 bytes)
 total in heap  [0x000001d510a96410,0x000001d510a9c840] = 25648
 relocation     [0x000001d510a96570,0x000001d510a96988] = 1048
 constants      [0x000001d510a969a0,0x000001d510a969c0] = 32
 main code      [0x000001d510a969c0,0x000001d510a9a480] = 15040
 stub code      [0x000001d510a9a480,0x000001d510a9a5e0] = 352
 oops           [0x000001d510a9a5e0,0x000001d510a9a5f0] = 16
 metadata       [0x000001d510a9a5f0,0x000001d510a9a7b8] = 456
 scopes data    [0x000001d510a9a7b8,0x000001d510a9bc18] = 5216
 scopes pcs     [0x000001d510a9bc18,0x000001d510a9c388] = 1904
 dependencies   [0x000001d510a9c388,0x000001d510a9c3f0] = 104
 handler table  [0x000001d510a9c3f0,0x000001d510a9c7b0] = 960
 nul chk table  [0x000001d510a9c7b0,0x000001d510a9c840] = 144


[Constant Pool]
             Address          hex4                    hex8      
  0x000001d510a969a0:   0x3fe00000      0xf4f4f4f43fe00000      
  0x000001d510a969a4:   0xf4f4f4f4                              
  0x000001d510a969a8:   0xf4f4f4f4      0xf4f4f4f4f4f4f4f4      
  0x000001d510a969ac:   0xf4f4f4f4                              
  0x000001d510a969b0:   0xf4f4f4f4      0xf4f4f4f4f4f4f4f4      
  0x000001d510a969b4:   0xf4f4f4f4                              
  0x000001d510a969b8:   0xf4f4f4f4      0xf4f4f4f4f4f4f4f4      
  0x000001d510a969bc:   0xf4f4f4f4                              

[MachCode]
[Entry Point]
  # {method} {0x000001d5614cb078} 'readCategoryTable' '([CZ)Lorg/eclipse/jdt/internal/compiler/util/HashtableOfObject;' in 'org/eclipse/jdt/internal/core/index/DiskIndex'
  # this:     rdx:rdx   = 'org/eclipse/jdt/internal/core/index/DiskIndex'
  # parm0:    r8:r8     = '[C'
  # parm1:    r9        = boolean
  #           [sp+0xd0]  (sp of caller)
  0x000001d510a969c0: ;   {no_reloc}
  0x000001d510a969c0: 448b 5208 | 49bb 0000 | 001c d501 | 0000 4d03 | d349 3bc2 

  0x000001d510a969d4: ;   {runtime_call ic_miss_stub}
  0x000001d510a969d4: 0f85 a67a | 25ff 6690 | 0f1f 4000 
[Verified Entry Point]
  0x000001d510a969e0: 8984 2400 | 80ff ff55 | 4881 ecc0 | 0000 0090 | 4181 7f20 | 0400 0000 | 0f85 763a | 0000 4489 
  0x000001d510a96a00: 4c24 304c | 8944 2420 | 488b ea48 | 8d9c 24b0 | 0000 0048 | 8b02 a802 | 0f85 2300 | 0000 4883 
  0x000001d510a96a20: c801 4889 | 03f0 480f | b11a 0f84 | 3700 0000 | 482b c448 | 2507 f0ff | ff48 8903 | e924 0000 
  0x000001d510a96a40: 004c 8bd0 | 4833 c0f0 | 4d0f b17a | 3e48 c703 | 0300 0000 | 7411 4c3b | f875 1549 | ff82 8600 
  0x000001d510a96a60: 0000 4833 | c075 0949 | ff87 5005 | 0000 33c0 | 0f85 ba2d | 0000 448b | 453c 458b | 5014 458b 
  0x000001d510a96a80: 520c 4489 | 5424 2c48 | 896c 2460 | 498b e844 | 8944 2428 | 488b 5424 | 204c 8b54 | 2460 4c89 
  0x000001d510a96aa0: 5424 3890 

  0x000001d510a96aa4: ;   {static_call}
  0x000001d510a96aa4: c5f8 77e8 

  0x000001d510a96aa8: ; ImmutableOopMap {rbp=Oop [32]=Oop [40]=NarrowOop [56]=Oop [96]=Oop }
                      ;*invokestatic hashCode {reexecute=0 rethrow=0 return_oop=0}
                      ; - org.eclipse.jdt.internal.compiler.util.HashtableOfIntValues::get@7 (line 80)
                      ; - org.eclipse.jdt.internal.core.index.DiskIndex::readCategoryTable@5 (line 660)
  0x000001d510a96aa8: 1473 0000 

  0x000001d510a96aac: ;   {other}
  0x000001d510a96aac: 0f1f 8400 | 9c06 0000 | 448b 5424 | 2c45 85d2 | 0f86 8b2d | 0000 4c8b | 7424 2045 | 8b5e 0c3d 
  0x000001d510a96acc: 0000 0080 | 7508 33d2 | 4183 faff | 7404 9941 | f7fa 448b | 4c24 2845 | 8b41 1445 | 8b68 0c41 
  0x000001d510a96aec: 3bd5 0f83 | 1c2c 0000 | 418b 4c90 | 1049 8bbf | 5804 0000 

  0x000001d510a96b00: ; ImmutableOopMap {r8=NarrowOop r9=NarrowOop rcx=NarrowOop rbx=Oop rbp=Oop r14=Oop [96]=Oop }
                      ;*ifnonnull {reexecute=1 rethrow=0 return_oop=0}
                      ; - (reexecute) org.eclipse.jdt.internal.compiler.util.HashtableOfIntValues::get@63 (line 83)
                      ; - org.eclipse.jdt.internal.core.index.DiskIndex::readCategoryTable@5 (line 660)
                      ;   {poll}
  0x000001d510a96b00: 498b de85 | 0785 c974 | 488b 590c | 413b db0f | 842b 0100 | 00ff c241 | 3bd2 7431 | 0f1f 4000 
  0x000001d510a96b20: 413b d50f | 8397 2b00 | 0041 8b5c | 9010 498b | bf58 0400 

  0x000001d510a96b34: ; ImmutableOopMap {r8=NarrowOop r9=NarrowOop rcx=Oop rbx=NarrowOop rbp=Oop r14=Oop [96]=Oop }
                      ;*ifnonnull {reexecute=1 rethrow=0 return_oop=0}
                      ; - (reexecute) org.eclipse.jdt.internal.compiler.util.HashtableOfIntValues::get@63 (line 83)
                      ; - org.eclipse.jdt.internal.core.index.DiskIndex::readCategoryTable@5 (line 660)
  0x000001d510a96b34: 0049 8bce 

  0x000001d510a96b38: ;   {poll}
  0x000001d510a96b38: 8507 85db | 7413 8b7b | 0c41 3bfb | 7416 ffc2 | 413b d275 | d333 d2eb | 9a41 bd00 | 0000 80e9 
  0x000001d510a96b58: d901 0000 | 488b fb48 | 8bf1 483b | fe0f 84b7 | 0000 0048 | 85ff 0f84 | b500 0000 | 4885 f60f 
  0x000001d510a96b78: 84ac 0000 | 008b 4f0c | 3b4e 0c0f | 85a0 0000 | 0085 c90f | 8491 0000 | 0048 8d7f | 1048 8d76 
  0x000001d510a96b98: 10d1 e18b | c183 e01f | 83e1 e00f | 844b 0000 | 0048 8d3c | 0f48 8d34 | 0e48 f7d9 | c5fe 6f04 
  0x000001d510a96bb8: 0fc5 fe6f | 0c0e c5fd | efc1 c4e2 | 7d17 c00f | 855c 0000 | 0048 83c1 | 2075 e185 | c00f 8447 
  0x000001d510a96bd8: 0000 00c5 | fe6f 4407 | e0c5 fe6f | 4c06 e0c5 | fdef c1c4 | e27d 17c0 | 7537 eb2e | 8bc8 83e1 
  0x000001d510a96bf8: fc74 1948 | 8d3c 0f48 | 8d34 0e48 | f7d9 8b1c | 0f3b 1c0e | 751b 4883 | c104 75f2 | a802 740a 
  0x000001d510a96c18: 0fb7 1f0f | b70e 3bd9 | 7507 b801 | 0000 00eb | 0233 c0c5 | fdef c0c5 | f5ef c985 

  0x000001d510a96c34: ;   {no_reloc}
  0x000001d510a96c34: c00f 840b | ffff ffe9 | df00 0000 | 488b f949 | 8bf6 483b | fe0f 84b7 | 0000 0048 | 85ff 0f84 
  0x000001d510a96c54: b500 0000 | 4885 f60f | 84ac 0000 | 008b 4f0c | 3b4e 0c0f | 85a0 0000 | 0085 c90f | 8491 0000 
  0x000001d510a96c74: 0048 8d7f | 1048 8d76 | 10d1 e18b | c183 e01f | 83e1 e00f | 844b 0000 | 0048 8d3c | 0f48 8d34 
  0x000001d510a96c94: 0e48 f7d9 | c5fe 6f04 | 0fc5 fe6f | 0c0e c5fd | efc1 c4e2 | 7d17 c00f | 855c 0000 | 0048 83c1 
  0x000001d510a96cb4: 2075 e185 | c00f 8447 | 0000 00c5 | fe6f 4407 | e0c5 fe6f | 4c06 e0c5 | fdef c1c4 | e27d 17c0 
  0x000001d510a96cd4: 7537 eb2e | 8bc8 83e1 | fc74 1948 | 8d3c 0f48 | 8d34 0e48 | f7d9 8b1c | 0f3b 1c0e | 751b 4883 
  0x000001d510a96cf4: c104 75f2 | a802 740a | 0fb7 1f0f | b70e 3bd9 | 7507 b801 | 0000 00eb | 0233 c0c5 | fdef c0c5 
  0x000001d510a96d14: f5ef c985 | c00f 84f6 | fdff ff41 | 8b69 1844 | 8b45 0c41 | 3bd0 0f83 | 612d 0000 | 448b 6c95 
  0x000001d510a96d34: ;   {no_reloc}
  0x000001d510a96d34: 1041 81fd | 0000 0080 | 0f84 4e1c | 0000 4c8b | 5424 6045 | 8b52 4845 | 85d2 0f84 | 3104 0000 
  0x000001d510a96d54: 458b 4a14 

  0x000001d510a96d58: ; implicit exception: dispatches to 0x000001d510a99f44
  0x000001d510a96d58: 418b 690c | 498b fe48 | 83c7 1041 | 83fb 020f | 8ce7 1f00 | 0041 8bd3 | bb01 0000 | 0083 fa20 
  0x000001d510a96d78: 0f8c 6301 | 0000 33f6 | c5d5 efed | c5cd eff6 | c5c5 efff | c441 3def 

  0x000001d510a96d90: ;   {external_word}
  0x000001d510a96d90: c049 bb20 | 58aa 45fd | 7f00 0045 | 8b03 c441 | 796e c8c4 | 427d 58c9 | 448b da41 | 83e3 e041 
  0x000001d510a96db0: 0faf d8c5 | fa6f 1c77 | c5fa 6f54 | 7710 c5fa | 6f4c 7720 | c5fa 6f64 | 7730 c4c2 | 5540 e9c4 
  0x000001d510a96dd0: e27d 33db | c5d5 feeb | c4c2 4d40 | f1c4 e27d | 33d2 c5cd | fef2 c4c2 | 4540 f9c4 | e27d 33c9 
  0x000001d510a96df0: c5c5 fef9 | c442 3d40 | c1c4 e27d | 33e4 c53d | fec4 83c6 | 2041 3bf3 | 7ca5 4a8d | 3c5f 412b 
  0x000001d510a96e10: ;   {external_word}
  0x000001d510a96e10: d349 bb24 | 58aa 45fd | 7f00 00c4 | 417e 6f13 | c4c2 5540 

  0x000001d510a96e24: ;   {external_word}
  0x000001d510a96e24: ea49 bb44 | 58aa 45fd | 7f00 00c4 | 417e 6f1b | c4c2 4d40 

  0x000001d510a96e38: ;   {external_word}
  0x000001d510a96e38: f349 bb64 | 58aa 45fd | 7f00 00c4 | 417e 6f23 | c4c2 4540 

  0x000001d510a96e4c: ;   {external_word}
  0x000001d510a96e4c: fc49 bb84 | 58aa 45fd | 7f00 00c4 | c17e 6f03 | c462 3d40 | c0c4 e255 | 02dd c4e3 | 7d39 da01 
  0x000001d510a96e6c: c5e1 feda | c4e2 6102 | dbc5 f96e | d3c5 e1fe | dac5 f97e | dbc4 e24d | 02ce c4e3 | 7d39 cc01 
  0x000001d510a96e8c: c5f1 fecc | c4e2 7102 | c9c5 f96e | e3c5 f1fe | ccc5 f97e | cbc4 e245 | 02df c4e3 | 7d39 da01 
  0x000001d510a96eac: c5e1 feda | c4e2 6102 | dbc5 f96e | d3c5 e1fe | dac5 f97e | dbc4 c23d | 02c8 c4e3 | 7d39 cc01 
  0x000001d510a96ecc: c5f1 fecc | c4e2 7102 | c9c5 f96e | e3c5 f1fe | ccc5 f97e | cbbe 0100 | 0000 3bf2 | 0f8d 2c00 
  0x000001d510a96eec: 0000 41b8 | c103 0000 | 410f afd8 | 440f b75c | 77fe 458b | c341 c1e0 | 0545 2bc3 | 4103 d844 
  0x000001d510a96f0c: 0fb7 0477 | 4103 d883 | c602 3bf2 | 7cd4 7f12 | 448b dbc1 | e305 412b | db44 0fb7 | 4477 fe41 
  0x000001d510a96f2c: 03d8 8bc3 | 25ff ffff | 7f85 ed0f | 86b7 2a00 | 003d 0000 | 0080 7507 | 33d2 83fd | ff74 0399 
  0x000001d510a96f4c: ;   {no_reloc}
  0x000001d510a96f4c: f7fd 8bca | 498b d245 | 33db 448b | c13b cd0f | 83e3 2900 | 0041 8b4c | 8910 498b | bf58 0400 
  0x000001d510a96f6c: ; ImmutableOopMap {r10=NarrowOop r9=NarrowOop rcx=NarrowOop rdx=Oop rsi=Oop r14=Oop [96]=Oop }
                      ;*ifnonnull {reexecute=1 rethrow=0 return_oop=0}
                      ; - (reexecute) org.eclipse.jdt.internal.compiler.util.HashtableOfObject::get@51 (line 86)
                      ; - org.eclipse.jdt.internal.core.index.DiskIndex::readCategoryTable@45 (line 668)
  0x000001d510a96f6c: 0049 8bf6 

  0x000001d510a96f70: ;   {poll}
  0x000001d510a96f70: 8507 85c9 | 0f84 6803 | 0000 488b | f948 3bfe | 0f84 b700 | 0000 4885 | ff0f 84b5 | 0000 0048 
  0x000001d510a96f90: 85f6 0f84 | ac00 0000 | 8b4f 0c3b | 4e0c 0f85 | a000 0000 | 85c9 0f84 | 9100 0000 | 488d 7f10 
  0x000001d510a96fb0: 488d 7610 | d1e1 8bc1 | 83e0 1f83 | e1e0 0f84 | 4b00 0000 | 488d 3c0f | 488d 340e | 48f7 d9c5 
  0x000001d510a96fd0: fe6f 0c0f | c5fe 6f04 | 0ec5 f5ef | c8c4 e27d | 17c9 0f85 | 5c00 0000 | 4883 c120 | 75e1 85c0 
  0x000001d510a96ff0: 0f84 4700 | 0000 c5fe | 6f4c 07e0 | c5fe 6f44 | 06e0 c5f5 | efc8 c4e2 | 7d17 c975 | 37eb 2e8b 
  0x000001d510a97010: c883 e1fc | 7419 488d | 3c0f 488d | 340e 48f7 | d98b 1c0f | 3b1c 0e75 | 1b48 83c1 | 0475 f2a8 
  0x000001d510a97030: 0274 0a0f | b71f 0fb7 | 0e3b d975 | 07b8 0100 | 0000 eb02 | 33c0 c5f5 | efc9 c5fd | efc0 85c0 
  0x000001d510a97050: 0f85 5e1a | 0000 41ff | c044 3bc5 | 0f84 1801 | 0000 0f1f | 8000 0000 | 000f 1f80 

  0x000001d510a9706c: ;   {no_reloc}
  0x000001d510a9706c: 0000 0000 | 443b c50f | 83ff 2700 | 0043 8b5c | 8110 498b | bf58 0400 

  0x000001d510a97084: ; ImmutableOopMap {r10=NarrowOop r9=NarrowOop rbx=NarrowOop rdx=Oop rsi=Oop r14=Oop [96]=Oop }
                      ;*ifnonnull {reexecute=1 rethrow=0 return_oop=0}
                      ; - (reexecute) org.eclipse.jdt.internal.compiler.util.HashtableOfObject::get@51 (line 86)
                      ; - org.eclipse.jdt.internal.core.index.DiskIndex::readCategoryTable@45 (line 668)
  0x000001d510a97084: 0049 8bf6 

  0x000001d510a97088: ;   {poll}
  0x000001d510a97088: 8507 85db | 0f84 5002 | 0000 488b | fb48 3bfe | 0f84 b700 | 0000 4885 | ff0f 84b5 | 0000 0048 
  0x000001d510a970a8: 85f6 0f84 | ac00 0000 | 8b4f 0c3b | 4e0c 0f85 | a000 0000 | 85c9 0f84 | 9100 0000 | 488d 7f10 
  0x000001d510a970c8: 488d 7610 | d1e1 8bc1 | 83e0 1f83 | e1e0 0f84 | 4b00 0000 | 488d 3c0f | 488d 340e | 48f7 d9c5 
  0x000001d510a970e8: fe6f 0c0f | c5fe 6f04 | 0ec5 f5ef | c8c4 e27d | 17c9 0f85 | 5c00 0000 | 4883 c120 | 75e1 85c0 
  0x000001d510a97108: 0f84 4700 | 0000 c5fe | 6f4c 07e0 | c5fe 6f44 | 06e0 c5f5 | efc8 c4e2 | 7d17 c975 | 37eb 2e8b 
  0x000001d510a97128: c883 e1fc | 7419 488d | 3c0f 488d | 340e 48f7 | d98b 1c0f | 3b1c 0e75 | 1b48 83c1 | 0475 f2a8 
  0x000001d510a97148: 0274 0a0f | b71f 0fb7 | 0e3b d975 | 07b8 0100 | 0000 eb02 | 33c0 c5f5 | efc9 c5fd | efc0 85c0 
  0x000001d510a97168: 0f85 4619 | 0000 41ff | c044 3bc5 | 0f85 f6fe | ffff 4533 | c041 8bc8 | e9d1 fdff 

  0x000001d510a97184: ;   {no_reloc}
  0x000001d510a97184: ff4d 8b87 | b801 0000 | 4d8b d049 | 83c2 204d | 3b97 c801 | 0000 0f83 | c025 0000 | 4d89 97b8 
  0x000001d510a971a4: 0100 0041 | 0f18 8200 | 0100 0049 | c700 0100 

  0x000001d510a971b4: ;   {metadata('org/eclipse/jdt/internal/compiler/util/HashtableOfObject')}
  0x000001d510a971b4: 0000 41c7 | 4008 88b0 | 3101 4589 | 600c 4d89 | 6018 49c7 | 4010 0300 | 0000 498b | 87b8 0100 
  0x000001d510a971d4: 004c 8bd0 | 4983 c228 | 4d3b 97c8 | 0100 000f | 83ff 2500 | 004d 8997 | b801 0000 | 410f 1882 
  0x000001d510a971f4: 0001 0000 | 48c7 0001 | 0000 0041 | 0f18 8240 

  0x000001d510a97204: ;   {metadata({type array char}[])}
  0x000001d510a97204: 0100 00c7 | 4008 18b5 | 0d01 410f | 1882 8001 | 0000 c740 | 0c05 0000 | 004c 8960 | 104c 8960 
  0x000001d510a97224: 184c 8960 | 204d 8bd0 | 4c8b d845 | 8958 1449 | c1ea 0949 | bb00 00b1 | 04d5 0100 | 0047 8824 
  0x000001d510a97244: 1349 8b87 | b801 0000 | 4c8b d049 | 83c2 284d | 3b97 c801 | 0000 0f83 | 3e25 0000 | 4d89 97b8 
  0x000001d510a97264: 0100 0041 | 0f18 8200 | 0100 0048 | c700 0100 | 0000 410f | 1882 4001 

  0x000001d510a9727c: ;   {metadata('java/lang/Object'[])}
  0x000001d510a9727c: 0000 c740 | 0870 1200 | 0041 0f18 | 8280 0100 | 00c7 400c | 0500 0000 | 4c89 6010 | 4c89 6018 
  0x000001d510a9729c: 4c89 6020 | 4d8b d84c | 8b54 2460 | 4589 5a48 | 4c8b d845 | 8958 184d | 8bd0 4c8b | 5c24 6049 
  0x000001d510a972bc: c1ea 0949 | b800 00b1 | 04d5 0100 | 0047 8824 | 1049 c1eb | 0949 ba00 | 00b1 04d5 | 0100 0047 
  0x000001d510a972dc: 8824 1a45 

  0x000001d510a972e0: ;   {oop(a 'java/lang/Class'{0x0000000081441528} = 'org/eclipse/jdt/internal/core/index/DiskIndex')}
  0x000001d510a972e0: 33db 49ba | 2815 4481 | 0000 0000 | 458b 8288 | 0000 0041 | 81f8 0000 | 1000 0f87 | a825 0000 
  0x000001d510a97300: 4963 c841 | 81f8 0000 | 1000 0f87 | cc1e 0000 | 498b 9fb8 | 0100 0048 | 83c1 174c | 8bd1 4983 
  0x000001d510a97320: e2f8 4c8b | cb4d 03ca | 4d3b 8fc8 | 0100 000f | 83a7 1e00 | 004d 898f | b801 0000 | 410f 1881 
  0x000001d510a97340: 0001 0000 | 48c7 0301 | 0000 0041 | 0f18 8140 

  0x000001d510a97350: ;   {metadata({type array byte})}
  0x000001d510a97350: 0100 00c7 | 4308 1823 | 0000 4489 | 430c 410f | 1881 8001 | 0000 488b | fb48 83c7 | 1048 c1e9 
  0x000001d510a97370: 0348 83c1 | fe48 33c0 | 4883 f908 | 7f10 48ff | c978 4f48 | 8904 cf48 | ffc9 7df7 | eb44 c5fd 
  0x000001d510a97390: efc0 e90d | 0000 00c5 | fe7f 07c5 | fe7f 4720 | 4883 c740 | 4883 e908 | 7ded 4883 | c104 7c0c 
  0x000001d510a973b0: c5fe 7f07 | 4883 c720 | 4883 e904 | 4883 c104 | 7e10 48ff | c9c5 f9d6 | 0748 83c7 | 0848 ffc9 
  0x000001d510a973d0: 7df3 4c8b | 5424 6041 | 8b6a 344c | 8bd3 4c8b | 4424 6045 | 8950 504d | 8bd0 49c1 | ea09 49b8 
  0x000001d510a973f0: 0000 b104 | d501 0000 | 4788 2410 

  0x000001d510a973fc: ; implicit exception: dispatches to 0x000001d510a99ee4
  0x000001d510a973fc: 448b 4508 

  0x000001d510a97400: ;   {metadata('org/eclipse/jdt/internal/core/index/FileIndexLocation')}
  0x000001d510a97400: 4181 f8e8 | c82b 010f | 8567 2500 | 0049 8b87 | b801 0000 | 4c8b d049 | 83c2 204d | 3b97 c801 
  0x000001d510a97420: 0000 0f83 | 411e 0000 | 4d89 97b8 | 0100 0041 | 0f18 8200 | 0100 0048 | c700 0100 

  0x000001d510a9743c: ;   {metadata('java/io/FileInputStream')}
  0x000001d510a9743c: 0000 c740 | 0840 1a01 | 0044 8960 | 0c4c 8960 | 104c 8960 | 184c 8bc8 | 8b6d 1849 | 8b87 b801 
  0x000001d510a9745c: 0000 4c8b | d049 83c2 | 104d 3b97 | c801 0000 | 0f83 ad1d | 0000 4d89 | 97b8 0100 | 0041 0f18 
  0x000001d510a9747c: 8200 0100 | 0048 c700 | 0100 0000 

  0x000001d510a97488: ;   {metadata('java/lang/Object')}
  0x000001d510a97488: c740 0890 | 0e00 0044 | 8960 0c85 | ed0f 849c | 1500 0044 | 8b45 104c | 8bd5 4c89 | 4424 404c 
  0x000001d510a974a8: 8954 2420 | 4c89 5c24 | 3844 896c | 2458 4c89 | 7424 284c | 8bd0 4589 | 511c 4d8b | d14c 894c 
  0x000001d510a974c8: 2470 49c1 | ea09 49bb | 0000 b104 | d501 0000 | 4788 2413 | 498b e990 

  0x000001d510a974e0: ;   {static_call}
  0x000001d510a974e0: c5f8 77e8 

  0x000001d510a974e4: ; ImmutableOopMap {rbp=Oop [32]=Oop [40]=Oop [64]=Oop [96]=Oop [112]=Oop }
                      ;*invokestatic getSecurityManager {reexecute=0 rethrow=0 return_oop=1}
                      ; - java.io.FileInputStream::<init>@28
                      ; - org.eclipse.jdt.internal.core.index.FileIndexLocation::getInputStream@8 (line 83)
                      ; - org.eclipse.jdt.internal.core.index.DiskIndex::readCategoryTable@149 (line 686)
  0x000001d510a974e4: 98d1 86ff 

  0x000001d510a974e8: ;   {other}
  0x000001d510a974e8: 0f1f 8400 | d810 0005 | 4885 c074 | 1b48 8bd0 | 4c8b 4424 | 4066 6690 

  0x000001d510a97500: ;   {optimized virtual_call}
  0x000001d510a97500: c5f8 77e8 

  0x000001d510a97504: ; ImmutableOopMap {rbp=Oop [32]=Oop [40]=Oop [64]=Oop [96]=Oop [112]=Oop }
                      ;*invokevirtual checkRead {reexecute=0 rethrow=0 return_oop=0}
                      ; - java.io.FileInputStream::<init>@38
                      ; - org.eclipse.jdt.internal.core.index.FileIndexLocation::getInputStream@8 (line 83)
                      ; - org.eclipse.jdt.internal.core.index.DiskIndex::readCategoryTable@149 (line 686)
  0x000001d510a97504: 7872 25ff 

  0x000001d510a97508: ;   {other}
  0x000001d510a97508: 0f1f 8400 | f810 0006 | 4c8b 5424 | 404d 85d2 | 0f84 9223 | 0000 4c8b | 5c24 204d | 85db 0f84 
  0x000001d510a97528: b023 0000 | 48ff 7424 | 4048 8f44 | 2420 498b | d366 6690 

  0x000001d510a9753c: ;   {optimized virtual_call}
  0x000001d510a9753c: c5f8 77e8 

  0x000001d510a97540: ; ImmutableOopMap {rbp=Oop [32]=Oop [40]=Oop [96]=Oop [112]=Oop }
                      ;*invokevirtual isInvalid {reexecute=0 rethrow=0 return_oop=0}
                      ; - java.io.FileInputStream::<init>@54
                      ; - org.eclipse.jdt.internal.core.index.FileIndexLocation::getInputStream@8 (line 83)
                      ; - org.eclipse.jdt.internal.core.index.DiskIndex::readCategoryTable@149 (line 686)
  0x000001d510a97540: 1cfd c5ff 

  0x000001d510a97544: ;   {other}
  0x000001d510a97544: 0f1f 8400 | 3411 0007 | 85c0 0f85 | 4024 0000 | 498b 97b8 | 0100 004c | 8bd2 4983 | c228 4d3b 
  0x000001d510a97564: 97c8 0100 | 000f 8339 | 1d00 004d | 8997 b801 | 0000 410f | 1882 0001 | 0000 48c7 | 0201 0000 
  0x000001d510a97584: ;   {metadata('java/io/FileDescriptor')}
  0x000001d510a97584: 00c7 4208 | e824 0100 | 4c89 6218 | 4c89 6220 | c742 0cff | ffff ff48 | c742 10ff | ffff ff4c 
  0x000001d510a975a4: 8b44 2470 | 4d8b d04c | 8bda 4589 | 5810 49c1 | ea09 49bb | 0000 b104 | d501 0000 | 4788 2413 
  0x000001d510a975c4: 498b e890 

  0x000001d510a975c8: ;   {optimized virtual_call}
  0x000001d510a975c8: c5f8 77e8 

  0x000001d510a975cc: ; ImmutableOopMap {rbp=Oop [32]=Oop [40]=Oop [96]=Oop [112]=Oop }
                      ;*invokevirtual attach {reexecute=0 rethrow=0 return_oop=0}
                      ; - java.io.FileInputStream::<init>@86
                      ; - org.eclipse.jdt.internal.core.index.FileIndexLocation::getInputStream@8 (line 83)
                      ; - org.eclipse.jdt.internal.core.index.DiskIndex::readCategoryTable@149 (line 686)
  0x000001d510a975cc: 10c3 72f8 

  0x000001d510a975d0: ;   {other}
  0x000001d510a975d0: 0f1f 8400 | c011 0008 | 4c8b c54d | 8bd8 4c8b | 5424 2045 | 8950 1449 | c1eb 0949 | ba00 00b1 
  0x000001d510a975f0: 04d5 0100 | 0047 8824 | 1a66 6690 

  0x000001d510a975fc: ;   {static_call}
  0x000001d510a975fc: c5f8 77e8 

  0x000001d510a97600: ; ImmutableOopMap {rbp=Oop [32]=Oop [40]=Oop [96]=Oop [112]=Oop }
                      ;*invokestatic begin {reexecute=0 rethrow=0 return_oop=0}
                      ; - java.io.FileInputStream::open@0
                      ; - java.io.FileInputStream::<init>@96
                      ; - org.eclipse.jdt.internal.core.index.FileIndexLocation::getInputStream@8 (line 83)
                      ; - org.eclipse.jdt.internal.core.index.DiskIndex::readCategoryTable@149 (line 686)
  0x000001d510a97600: 9ce4 88ff 

  0x000001d510a97604: ;   {other}
  0x000001d510a97604: 0f1f 8400 | f411 0009 | 4889 4424 | 4048 8bd5 | 4c8b 4424 | 2066 6690 

  0x000001d510a9761c: ;   {optimized virtual_call}
  0x000001d510a9761c: c5f8 77e8 

  0x000001d510a97620: ; ImmutableOopMap {rbp=Oop [40]=Oop [96]=Oop [112]=Oop }
                      ;*invokevirtual open0 {reexecute=0 rethrow=0 return_oop=0}
                      ; - java.io.FileInputStream::open@6
                      ; - java.io.FileInputStream::<init>@96
                      ; - org.eclipse.jdt.internal.core.index.FileIndexLocation::getInputStream@8 (line 83)
                      ; - org.eclipse.jdt.internal.core.index.DiskIndex::readCategoryTable@149 (line 686)
  0x000001d510a97620: 9cf5 a0ff 

  0x000001d510a97624: ;   {other}
  0x000001d510a97624: 0f1f 8400 | 1412 000a | 488b 5424 | 4066 6690 

  0x000001d510a97634: ;   {static_call}
  0x000001d510a97634: c5f8 77e8 

  0x000001d510a97638: ; ImmutableOopMap {rbp=Oop [40]=Oop [96]=Oop [112]=Oop }
                      ;*invokestatic end {reexecute=0 rethrow=0 return_oop=0}
                      ; - java.io.FileInputStream::open@10
                      ; - java.io.FileInputStream::<init>@96
                      ; - org.eclipse.jdt.internal.core.index.FileIndexLocation::getInputStream@8 (line 83)
                      ; - org.eclipse.jdt.internal.core.index.DiskIndex::readCategoryTable@149 (line 686)
  0x000001d510a97638: e4e7 88ff 

  0x000001d510a9763c: ;   {other}
  0x000001d510a9763c: 0f1f 8400 | 2c12 000b | 448b 5510 | 498b d290 

  0x000001d510a9764c: ;   {static_call}
  0x000001d510a9764c: c5f8 77e8 

  0x000001d510a97650: ; ImmutableOopMap {rbp=Oop [40]=Oop [96]=Oop [112]=Oop }
                      ;*invokestatic register {reexecute=0 rethrow=0 return_oop=0}
                      ; - java.io.FileInputStream::<init>@103
                      ; - org.eclipse.jdt.internal.core.index.FileIndexLocation::getInputStream@8 (line 83)
                      ; - org.eclipse.jdt.internal.core.index.DiskIndex::readCategoryTable@149 (line 686)
  0x000001d510a97650: 4cfc 10f8 

  0x000001d510a97654: ;   {other}
  0x000001d510a97654: 0f1f 8400 | 4412 000c | 4863 6c24 | 584c 8b54 | 2470 4c89 | 5424 3890 

  0x000001d510a9766c: ;   {static_call}
  0x000001d510a9766c: c5f8 77e8 

  0x000001d510a97670: ; ImmutableOopMap {[40]=Oop [56]=Oop [96]=Oop [112]=Oop }
                      ;*invokestatic begin {reexecute=0 rethrow=0 return_oop=0}
                      ; - java.io.FileInputStream::skip@0
                      ; - org.eclipse.jdt.internal.core.index.DiskIndex::readCategoryTable@158 (line 687)
  0x000001d510a97670: 2ce4 88ff 

  0x000001d510a97674: ;   {other}
  0x000001d510a97674: 0f1f 8400 | 6412 000d | 4889 4424 | 3848 8b54 | 2470 4c8b | c566 6690 

  0x000001d510a9768c: ;   {optimized virtual_call}
  0x000001d510a9768c: c5f8 77e8 

  0x000001d510a97690: ; ImmutableOopMap {[40]=Oop [96]=Oop [112]=Oop }
                      ;*invokevirtual skip0 {reexecute=0 rethrow=0 return_oop=0}
                      ; - java.io.FileInputStream::skip@6
                      ; - org.eclipse.jdt.internal.core.index.DiskIndex::readCategoryTable@158 (line 687)
  0x000001d510a97690: acf3 a2ff 

  0x000001d510a97694: ;   {other}
  0x000001d510a97694: 0f1f 8400 | 8412 000e | 488b 5424 | 3848 8be8 

  0x000001d510a976a4: ;   {static_call}
  0x000001d510a976a4: c5f8 77e8 

  0x000001d510a976a8: ; ImmutableOopMap {[40]=Oop [96]=Oop [112]=Oop }
                      ;*invokestatic end {reexecute=0 rethrow=0 return_oop=0}
                      ; - java.io.FileInputStream::skip@12
                      ; - org.eclipse.jdt.internal.core.index.DiskIndex::readCategoryTable@158 (line 687)
  0x000001d510a976a8: 74e7 88ff 

  0x000001d510a976ac: ;   {other}
  0x000001d510a976ac: 0f1f 8400 | 9c12 000f | 4c8b 4424 | 6045 8960 | 2445 8b50 | 5041 8b7a 

  0x000001d510a976c4: ;   {oop(a 'java/lang/Class'{0x0000000080000018} = 'jdk/internal/misc/VM')}
  0x000001d510a976c4: 0c49 bb18 | 0000 8000 | 0000 0041 | 8bab 9400 | 0000 83fd | 040f 8cdd | 2300 004d | 8b9f 8003 
  0x000001d510a976e4: 0000 498b | 2b44 8b5d 

  0x000001d510a976ec: ;   {metadata('jdk/internal/misc/CarrierThread')}
  0x000001d510a976ec: 0841 81fb | 40bf 1200 | 0f84 0e22 | 0000 4d8b | c248 8b54 | 2470 4533 | c966 6690 

  0x000001d510a97708: ;   {optimized virtual_call}
  0x000001d510a97708: c5f8 77e8 

  0x000001d510a9770c: ; ImmutableOopMap {[40]=Oop [96]=Oop [112]=Oop }
                      ;*invokevirtual readBytes {reexecute=0 rethrow=0 return_oop=0}
                      ; - java.io.FileInputStream::read@9
                      ; - org.eclipse.jdt.internal.core.index.DiskIndex::readCategoryTable@180 (line 689)
  0x000001d510a9770c: 309f 94ff 

  0x000001d510a97710: ;   {other}
  0x000001d510a97710: 0f1f 8400 | 0013 0010 | 4c8b 5424 | 6041 8942 | 2848 8b54 | 2460 4c8b | 4424 7090 

  0x000001d510a9772c: ;   {optimized virtual_call}
  0x000001d510a9772c: c5f8 77e8 

  0x000001d510a97730: ; ImmutableOopMap {[40]=Oop [96]=Oop [112]=Oop }
                      ;*invokevirtual readStreamInt {reexecute=0 rethrow=0 return_oop=0}
                      ; - org.eclipse.jdt.internal.core.index.DiskIndex::readCategoryTable@189 (line 690)
  0x000001d510a97730: 8cee a2ff 

  0x000001d510a97734: ;   {other}
  0x000001d510a97734: 0f1f 8400 | 2413 0011 | 8944 2434 | 498b 87b8 | 0100 004c | 8bd0 4983 | c220 4d3b | 97c8 0100 
  0x000001d510a97754: 000f 8381 | 1b00 004d | 8997 b801 | 0000 410f | 1882 0001 | 0000 48c7 | 0001 0000 

  0x000001d510a97770: ;   {metadata('org/eclipse/jdt/internal/compiler/util/HashtableOfObject')}
  0x000001d510a97770: 00c7 4008 | 88b0 3101 | 4489 600c | 4c89 6010 | 4c89 6018 | 4c8b c844 | 8b5c 2434 | 4585 db0f 
  0x000001d510a97790: 8c2b 2200 | 00c4 c179 | 6ec3 c5f8 

  0x000001d510a9779c: ;   {section_word}
  0x000001d510a9779c: 5bc0 c5fa | 590d faf1 | ffff c5fa | 2cd9 81fb | 0000 0080 | 0f84 aa2c | 0000 443b | db0f 848d 
  0x000001d510a977bc: 1200 0045 | 8959 1044 | 8d43 ff41 | 81f8 fdff | ff7f 7248 | 4585 db0f | 8484 1200 | 0043 8d1c 
  0x000001d510a977dc: 1b81 fbfc | ffff 7f72 | 33bb fdff | ff7f 412b | dbc1 eb1f | 412b db81 | c3fd ffff | 7fd1 fb41 
  0x000001d510a977fc: 03db 81fb | fcff ff7f | 7212 4181 | fbfb ffff | 7f0f 8d54 | 2300 00bb | fbff ff7f | 81fb 0000 
  0x000001d510a9781c: 0400 0f87 | 1821 0000 | 4c63 d381 | fb00 0004 | 000f 8701 | 1b00 0049 | 8b97 b801 | 0000 4a8d 
  0x000001d510a9783c: 0c95 1700 | 0000 4c8b | d149 83e2 | f84c 8bc2 | 4d03 c24d | 3b87 c801 | 0000 0f83 | d81a 0000 
  0x000001d510a9785c: 4d89 87b8 | 0100 0041 | 0f18 8000 | 0100 0048 | c702 0100 | 0000 410f | 1880 4001 

  0x000001d510a97878: ;   {metadata({type array char}[])}
  0x000001d510a97878: 0000 c742 | 0818 b50d | 0189 5a0c | 410f 1880 | 8001 0000 | 488b fa48 | 83c7 1048 | c1e9 0348 
  0x000001d510a97898: 83c1 fe48 | 33c0 4883 | f908 7f10 | 48ff c978 | 4f48 8904 | cf48 ffc9 | 7df7 eb44 | c5fd efc0 
  0x000001d510a978b8: e90d 0000 | 00c5 fe7f | 07c5 fe7f | 4720 4883 | c740 4883 | e908 7ded | 4883 c104 | 7c0c c5fe 
  0x000001d510a978d8: 7f07 4883 | c720 4883 | e904 4883 | c104 7e10 | 48ff c9c5 | f9d6 0748 | 83c7 0848 | ffc9 7df3 
  0x000001d510a978f8: 4d8b d14c | 8bc2 4589 | 4114 49c1 | ea09 49b8 | 0000 b104 | d501 0000 | 4788 2410 | 81fb 0000 
  0x000001d510a97918: 0400 0f87 | dd19 0000 | 498b 97b8 | 0100 004c | 63d3 4a8d | 0c95 1700 | 0000 4c8b | d149 83e2 
  0x000001d510a97938: f84c 8bc2 | 4d03 c24d | 3b87 c801 | 0000 0f83 | b119 0000 | 4d89 87b8 | 0100 0041 | 0f18 8000 
  0x000001d510a97958: 0100 0048 | c702 0100 | 0000 410f | 1880 4001 

  0x000001d510a97968: ;   {metadata('java/lang/Object'[])}
  0x000001d510a97968: 0000 c742 | 0870 1200 | 0089 5a0c | 410f 1880 | 8001 0000 | 488b fa48 | 83c7 1048 | c1e9 0348 
  0x000001d510a97988: 83c1 fe48 | 33c0 4883 | f908 7f10 | 48ff c978 | 4f48 8904 | cf48 ffc9 | 7df7 eb44 | c5fd efc0 
  0x000001d510a979a8: e90d 0000 | 00c5 fe7f | 07c5 fe7f | 4720 4883 | c740 4883 | e908 7ded | 4883 c104 | 7c0c c5fe 
  0x000001d510a979c8: 7f07 4883 | c720 4883 | e904 4883 | c104 7e10 | 48ff c9c5 | f9d6 0748 | 83c7 0848 | ffc9 7df3 
  0x000001d510a979e8: 4d8b d14c | 8bc2 4589 | 4118 49c1 | ea09 49b8 | 0000 b104 | d501 0000 | 4788 2410 | 4585 db0f 
  0x000001d510a97a08: 8e49 1400 | 0033 ede9 | b200 0000 | 413b d10f | 834f 1200 | 0048 63da | 4c8b d148 | c1e3 024c 
  0x000001d510a97a28: 8bdd 4c8d | 5c1d 1045 | 8913 4d8b | d349 c1ea | 0949 bb00 | 00b1 04d5 | 0100 0047 | 8824 138b 
  0x000001d510a97a48: ac24 8c00 | 0000 448b | 5d0c 413b | d30f 8355 | 1200 0044 

  0x000001d510a97a5c: ;   {metadata('java/lang/Object'[])}
  0x000001d510a97a5c: 8b5d 0841 | 81fb 7012 | 0000 0f85 | b412 0000 | 4c8b 4c24 | 5844 8b9c | 249c 0000 | 0045 8959 
  0x000001d510a97a7c: 0c4d 8bd0 | 4c8b c54c | 8d44 1d10 | 4589 104d | 8bd0 49c1 | ea09 49b8 | 0000 b104 | d501 0000 
  0x000001d510a97a9c: 4788 2410 | 443b 9c24 | 9800 0000 | 0f8f d80c | 0000 8bac | 2480 0000 | 00ff c53b | 6c24 480f 
  0x000001d510a97abc: 8d03 0d00 | 0044 8b5c | 2448 4c89 | 4c24 5844 | 895c 2448 | 488b 5424 | 604c 8b44 | 2470 6690 
  0x000001d510a97adc: ;   {optimized virtual_call}
  0x000001d510a97adc: c5f8 77e8 

  0x000001d510a97ae0: ; ImmutableOopMap {[40]=Oop [88]=Oop [96]=Oop [112]=Oop }
                      ;*invokevirtual readStreamChars {reexecute=0 rethrow=0 return_oop=1}
                      ; - org.eclipse.jdt.internal.core.index.DiskIndex::readCategoryTable@263 (line 702)
  0x000001d510a97ae0: dca6 feff 

  0x000001d510a97ae4: ;   {other}
  0x000001d510a97ae4: 0f1f 8400 | d416 0012 | 4889 4424 | 6848 8b5c | 2460 448b | 4b24 448b | 5328 458d | 4104 453b 
  0x000001d510a97b04: c20f 8d39 | 0c00 008b | 4b50 458d | 5101 4489 | 5324 8b51 | 0c44 3bca | 0f83 7a10 | 0000 460f 
  0x000001d510a97b24: be5c 0910 | 458d 4102 | 4489 4324 | 41c1 e318 | 458d 4103 | 443b c20f | 8397 1000 | 0089 9424 
  0x000001d510a97b44: 8800 0000 | 89ac 2480 | 0000 0048 | 895c 2460 | 4c8b 5424 | 5845 8b42 | 1844 8984 | 248c 0000 
  0x000001d510a97b64: 0041 8b6a | 1489 ac24 | 9400 0000 | 458b 4210 | 4489 8424 | 9800 0000 | 418b 6a0c | 4489 4c24 
  0x000001d510a97b84: 204d 63c9 | 460f b644 | 0911 460f | b654 0913 | 420f b65c | 0912 4c89 | 8c24 a000 | 0000 898c 
  0x000001d510a97ba4: 2490 0000 | 00ff c589 | ac24 9c00 | 0000 c1e3 | 0841 c1e0 | 1047 8d0c | 0344 03cb | 4503 ca44 
  0x000001d510a97bc4: 898c 2484 | 0000 008b | 6c24 2083 | c504 4c8b | 4c24 6041 | 8969 248b | 8c24 8400 

  0x000001d510a97be0: ;   {no_reloc}
  0x000001d510a97be0: 0000 85c9 | 0f8f e202 | 0000 4d8b | 87b8 0100 | 004d 8bd0 | 4983 c218 | 4d3b 97c8 | 0100 000f 
  0x000001d510a97c00: 8354 0d00 | 004d 8997 | b801 0000 | 410f 1882 | 0001 0000 | 49c7 0001 | 0000 0041 | 0f18 8240 
  0x000001d510a97c20: ;   {metadata({type array int})}
  0x000001d510a97c20: 0100 0041 | c740 0808 | 2700 0041 | 0f18 8280 | 0100 0041 | c740 0c01 | 0000 004d | 8960 1044 
  0x000001d510a97c40: 8b94 2484 | 0000 0041 | f7da 4589 | 5010 8bac | 2494 0000 | 0044 8b4d | 0c48 8b4c | 2468 8b51 
  0x000001d510a97c60: 0c48 8bf9 | 4883 c710 | 83fa 020f | 8cfd 0a00 | 0049 8bf0 | bb01 0000 | 0083 fa20 | 0f8c 7101 
  0x000001d510a97c80: 0000 4533 | dbc5 e5ef | dbc5 fdef | c0c4 411d | efe4 c441 

  0x000001d510a97c94: ;   {external_word}
  0x000001d510a97c94: 25ef db49 | b820 58aa | 45fd 7f00 | 0045 8b10 | c4c1 796e | d2c4 e27d | 58d2 448b | c241 83e0 
  0x000001d510a97cb4: e041 0faf | dac4 217a | 6f14 5fc4 | 217a 6f4c | 5f10 c421 | 7a6f 445f | 20c4 a17a | 6f7c 5f30 
  0x000001d510a97cd4: c4e2 6540 | dac4 427d | 33d2 c4c1 | 65fe dac4 | e27d 40c2 | c442 7d33 | c9c4 c17d | fec1 c462 
  0x000001d510a97cf4: 1d40 e2c4 | 427d 33c0 | c441 1dfe | e0c4 6225 | 40da c4e2 | 7d33 ffc5 | 25fe df41 | 83c3 2045 
  0x000001d510a97d14: 3bd8 7c9d | 4a8d 3c47 

  0x000001d510a97d1c: ;   {external_word}
  0x000001d510a97d1c: 412b d049 | b824 58aa | 45fd 7f00 | 00c4 c17e | 6f08 c4e2 

  0x000001d510a97d30: ;   {external_word}
  0x000001d510a97d30: 6540 d949 | b844 58aa | 45fd 7f00 | 00c4 c17e | 6f30 c4e2 

  0x000001d510a97d44: ;   {external_word}
  0x000001d510a97d44: 7d40 c649 | b864 58aa | 45fd 7f00 | 00c4 c17e | 6f28 c462 

  0x000001d510a97d58: ;   {external_word}
  0x000001d510a97d58: 1d40 e549 | b884 58aa | 45fd 7f00 | 00c4 c17e | 6f20 c462 | 2540 dcc4 | 6265 02d3 | c443 7d39 
  0x000001d510a97d78: d101 c441 | 29fe d1c4 | 4229 02d2 | c579 6ecb | c441 29fe | d1c5 797e | d3c4 627d | 02c0 c463 
  0x000001d510a97d98: 7d39 c701 | c539 fec7 | c442 3902 | c0c5 f96e | fbc5 39fe | c7c5 797e | c3c4 421d | 02d4 c443 
  0x000001d510a97db8: 7d39 d101 | c441 29fe | d1c4 4229 | 02d2 c579 | 6ecb c441 | 29fe d1c5 | 797e d3c4 | 4225 02c3 
  0x000001d510a97dd8: c463 7d39 | c701 c539 | fec7 c442 | 3902 c0c5 | f96e fbc5 | 39fe c7c5 | 797e c341 | bb01 0000 
  0x000001d510a97df8: 0044 3bda | 0f8d 2e00 | 0000 41ba | c103 0000 | 410f afda | 460f b744 | 5ffe 458b | d041 c1e2 
  0x000001d510a97e18: 0545 2bd0 | 4103 da46 | 0fb7 145f | 4103 da41 | 83c3 0244 | 3bda 7cd2 | 7f12 448b | c3c1 e305 
  0x000001d510a97e38: 412b d846 | 0fb7 545f | fe41 03da | 8bc3 25ff | ffff 7f4c | 8bc6 4585 | c90f 868d | 0e00 003d 
  0x000001d510a97e58: ;   {no_reloc}
  0x000001d510a97e58: 0000 0080 | 7508 33d2 | 4183 f9ff | 7404 9941 | f7f9 413b | d10f 83b1 | 0d00 0044 | 8b5c 9510 
  0x000001d510a97e78: 4d8b 9758 

  0x000001d510a97e7c: ; ImmutableOopMap {r11=NarrowOop r8=Oop rcx=Oop rbp=NarrowOop [40]=Oop [88]=Oop [96]=Oop [112]=Oop [140]=NarrowOop }
                      ;*ifnonnull {reexecute=1 rethrow=0 return_oop=0}
                      ; - (reexecute) org.eclipse.jdt.internal.compiler.util.HashtableOfObject::putUnsafely@36 (line 131)
                      ; - org.eclipse.jdt.internal.core.index.DiskIndex::readCategoryTable@294 (line 709)
                      ;   {poll}
  0x000001d510a97e7c: 0400 0041 | 8502 4585 | db0f 8489 | fbff ffff | c241 3bd1 | 7436 0f1f | 8000 0000 | 000f 1f80 
  0x000001d510a97e9c: 0000 0000 | 413b d10f | 83c9 0e00 | 0044 8b54 | 9510 4d8b | 9f58 0400 

  0x000001d510a97eb4: ; ImmutableOopMap {r10=NarrowOop r8=Oop rcx=Oop rbp=NarrowOop [40]=Oop [88]=Oop [96]=Oop [112]=Oop [140]=NarrowOop }
                      ;*ifnonnull {reexecute=1 rethrow=0 return_oop=0}
                      ; - (reexecute) org.eclipse.jdt.internal.compiler.util.HashtableOfObject::putUnsafely@36 (line 131)
                      ; - org.eclipse.jdt.internal.core.index.DiskIndex::readCategoryTable@294 (line 709)
                      ;   {poll}
  0x000001d510a97eb4: 0041 8503 | 4585 d20f | 8453 fbff | ffff c241 | 3bd1 75d8 | 33d2 eb9e | 448b c941 | 81f9 0001 
  0x000001d510a97ed4: 0000 0f8d | 9014 0000 | 4d63 ca4d | 63d3 4d63 | d84d 03d3 | 4c63 db4d | 03da 4d03 | d981 f900 
  0x000001d510a97ef4: 0004 000f | 877a 0b00 | 004d 8baf | b801 0000 | 4a8d 0c9d | 1700 0000 | 4c8b d149 | 83e2 f84d 
  0x000001d510a97f14: 8bc5 4d03 | c24d 3b87 | c801 0000 | 0f83 510b | 0000 4c89 | 9c24 a800 | 0000 4d89 | 87b8 0100 
  0x000001d510a97f34: 0041 0f18 | 8000 0100 | 0049 c745 | 0001 0000 | 0041 0f18 | 8040 0100 

  0x000001d510a97f4c: ;   {metadata({type array int})}
  0x000001d510a97f4c: 0041 c745 | 0808 2700 | 0044 8b94 | 2484 0000 | 0045 8955 | 0c41 0f18 | 8080 0100 | 0049 8bfd 
  0x000001d510a97f6c: 4883 c710 | 48c1 e903 | 4883 c1fe | 4833 c048 | 83f9 087f | 1048 ffc9 | 784f 4889 | 04cf 48ff 
  0x000001d510a97f8c: c97d f7eb | 44c5 fdef | c0e9 0d00 | 0000 c5fe | 7f07 c5fe | 7f47 2048 | 83c7 4048 | 83e9 087d 
  0x000001d510a97fac: ed48 83c1 | 047c 0cc5 | fe7f 0748 | 83c7 2048 | 83e9 0448 | 83c1 047e | 1048 ffc9 | c5f9 d607 
  0x000001d510a97fcc: 4883 c708 | 48ff c97d | f344 8b94 | 2484 0000 | 0045 85d2 | 0f84 be13 | 0000 4c8b | 5424 6045 
  0x000001d510a97fec: 8b52 284c | 8b5c 2460 | 458b 4318 | 442b 5424 | 2048 63fd | 458d 4afc | 8b5c 2420 | 83c3 0541 
  0x000001d510a9800c: 83f8 010f | 85a9 0400 | 0044 8b9c | 2484 0000 | 0045 85db | 0f8e 6d01 | 0000 453b | cb0f 8ebd 
  0x000001d510a9802c: 1400 004c | 8b54 2460 | 4189 5a24 | 3bac 2488 | 0000 000f | 83a7 1300 | 0044 8b84 | 2490 0000 
  0x000001d510a9804c: ;   {no_reloc}
  0x000001d510a9804c: 0048 8bac | 24a0 0000 | 0041 0fb6 | 4c28 1445 | 85db 0f84 | 9513 0000 | 4189 4d10 | 488b ac24 
  0x000001d510a9806c: a800 0000 | 8bcd 83c1 | fd83 f901 | 0f8e 1a14 | 0000 41ba | 0100 0000 | 660f 1f44 | 0000 660f 
  0x000001d510a9808c: 1f44 0000 | 448b 5c24 | 2045 03da | 418d 5201 | 458d 4b04 | 418d 6b05 | 4c8b 4424 | 6041 8968 
  0x000001d510a980ac: 2444 3b8c | 2488 0000 | 000f 83fd | 0c00 0045 | 8d43 0648 | 8b5c 2460 | 4489 4324 | 4d63 c249 
  0x000001d510a980cc: 8d1c 388b | b424 9000 | 0000 0fb6 | 741e 1043 | 8974 8510 | 418d 4307 | 3b84 2488 | 0000 000f 
  0x000001d510a980ec: 83d5 0c00 | 008b ac24 | 9000 0000 | 0fb6 541d | 120f b65c | 1d11 4389 | 5c85 1443 | 8954 8518 
  0x000001d510a9810c: 4d63 c942 | 0fb6 5c0d | 1343 895c | 851c 4183 | c308 4c8b | 4424 6045 | 8958 2441 | 83c2 0444 
  0x000001d510a9812c: 3bd1 0f8c | 5cff ffff | 448b c544 | 3b94 2484 | 0000 007d | 5266 6690 | 4c8b 5c24 

  0x000001d510a98148: ;   {no_reloc}
  0x000001d510a98148: 6041 8b6b | 2445 8d4a | 0144 8d5d | 0148 8b4c | 2460 4489 | 5924 3bac | 2488 0000 | 000f 836d 
  0x000001d510a98168: 0c00 0041 | 0fb6 4c28 | 1044 3b94 | 2484 0000 | 000f 8383 | 1200 0043 | 894c 9510 | 443b 8c24 
  0x000001d510a98188: 8400 0000 | 7d05 458b | d1eb b18b | ac24 9400 | 0000 448b | 550c 4c8b | 4c24 6841 | 8b51 0c49 
  0x000001d510a981a8: 8bf9 4883 | c710 83fa | 020f 8c86 | 0700 00bb | 0100 0000 | 83fa 200f | 8c6b 0100 | 0033 c9c5 
  0x000001d510a981c8: e5ef dbc5 | fdef c0c4 | 411d efe4 | c441 25ef 

  0x000001d510a981d8: ;   {external_word}
  0x000001d510a981d8: db49 bb20 | 58aa 45fd | 7f00 0045 | 8b03 c4c1 | 796e d0c4 | e27d 58d2 | 448b da41 | 83e3 e041 
  0x000001d510a981f8: 0faf d8c5 | 7a6f 144f | c57a 6f4c | 4f10 c57a | 6f44 4f20 | c5fa 6f7c | 4f30 c4e2 | 6540 dac4 
  0x000001d510a98218: 427d 33d2 | c4c1 65fe | dac4 e27d | 40c2 c442 | 7d33 c9c4 | c17d fec1 | c462 1d40 | e2c4 427d 
  0x000001d510a98238: 33c0 c441 | 1dfe e0c4 | 6225 40da | c4e2 7d33 | ffc5 25fe | df83 c120 | 413b cb7c | a24a 8d3c 
  0x000001d510a98258: 5f41 2bd3 

  0x000001d510a9825c: ;   {external_word}
  0x000001d510a9825c: 49bb 2458 | aa45 fd7f | 0000 c4c1 | 7e6f 0bc4 | e265 40d9 

  0x000001d510a98270: ;   {external_word}
  0x000001d510a98270: 49bb 4458 | aa45 fd7f | 0000 c4c1 | 7e6f 33c4 | e27d 40c6 

  0x000001d510a98284: ;   {external_word}
  0x000001d510a98284: 49bb 6458 | aa45 fd7f | 0000 c4c1 | 7e6f 2bc4 | 621d 40e5 

  0x000001d510a98298: ;   {external_word}
  0x000001d510a98298: 49bb 8458 | aa45 fd7f | 0000 c4c1 | 7e6f 23c4 | 6225 40dc | c462 6502 | d3c4 437d | 39d1 01c4 
  0x000001d510a982b8: 4129 fed1 | c442 2902 | d2c5 796e | cbc4 4129 | fed1 c579 | 7ed3 c462 | 7d02 c0c4 | 637d 39c7 
  0x000001d510a982d8: 01c5 39fe | c7c4 4239 | 02c0 c5f9 | 6efb c539 | fec7 c579 | 7ec3 c442 | 1d02 d4c4 | 437d 39d1 
  0x000001d510a982f8: 01c4 4129 | fed1 c442 | 2902 d2c5 | 796e cbc4 | 4129 fed1 | c579 7ed3 | c442 2502 | c3c4 637d 
  0x000001d510a98318: 39c7 01c5 | 39fe c7c4 | 4239 02c0 | c5f9 6efb | c539 fec7 | c579 7ec3 | b901 0000 | 003b ca0f 
  0x000001d510a98338: 8d2c 0000 | 0041 b8c1 | 0300 0041 | 0faf d844 | 0fb7 5c4f | fe45 8bc3 | 41c1 e005 | 452b c341 
  0x000001d510a98358: 03d8 440f | b704 4f41 | 03d8 83c1 | 023b ca7c | d47f 1244 | 8bdb c1e3 | 0541 2bdb | 440f b744 
  0x000001d510a98378: 4ffe 4103 | d88b c325 | ffff ff7f | 4585 d20f | 86ab 0b00 | 003d 0000 | 0080 7508 

  0x000001d510a98394: ;   {no_reloc}
  0x000001d510a98394: 33d2 4183 | faff 7404 | 9941 f7fa | 413b d20f | 83b7 0a00 | 0044 8b44 | 9510 4d8b | 9f58 0400 
  0x000001d510a983b4: ; ImmutableOopMap {r8=NarrowOop r9=Oop rbp=NarrowOop r13=Oop [40]=Oop [88]=Oop [96]=Oop [112]=Oop [140]=NarrowOop }
                      ;*ifnonnull {reexecute=1 rethrow=0 return_oop=0}
                      ; - (reexecute) org.eclipse.jdt.internal.compiler.util.HashtableOfObject::putUnsafely@36 (line 131)
                      ; - org.eclipse.jdt.internal.core.index.DiskIndex::readCategoryTable@319 (line 711)
                      ;   {poll}
  0x000001d510a983b4: 0041 8503 | 4585 c074 | 3bff c241 | 3bd2 7430 | 660f 1f44 | 0000 660f | 1f44 0000 | 413b d20f 
  0x000001d510a983d4: 83ca 1000 | 0044 8b5c | 9510 4d8b | 8758 0400 

  0x000001d510a983e4: ; ImmutableOopMap {r11=NarrowOop r9=Oop rbp=NarrowOop r13=Oop [40]=Oop [88]=Oop [96]=Oop [112]=Oop [140]=NarrowOop }
                      ;*ifnonnull {reexecute=1 rethrow=0 return_oop=0}
                      ; - (reexecute) org.eclipse.jdt.internal.compiler.util.HashtableOfObject::putUnsafely@36 (line 131)
                      ; - org.eclipse.jdt.internal.core.index.DiskIndex::readCategoryTable@319 (line 711)
                      ;   {poll}
  0x000001d510a983e4: 0041 8500 | 4585 db74 | 0bff c241 | 3bd2 75dc | 33d2 eba8 | 413b d20f | 83a7 0a00 | 004c 63da 
  0x000001d510a98404: 4d8b c149 | c1e3 024c | 8bd5 4e8d | 541d 1045 | 8902 49c1 | ea09 49b8 | 0000 b104 | d501 0000 
  0x000001d510a98424: 4788 2410 | 8b8c 248c | 0000 0044 | 8b51 0c41 | 3bd2 0f83 | b00a 0000 | 448b 5108 

  0x000001d510a98440: ;   {metadata('java/lang/Object'[])}
  0x000001d510a98440: 4181 fa70 | 1200 000f | 8527 0b00 | 004c 8b4c | 2458 8bac | 249c 0000 | 0041 8969 | 0c4d 8bd5 
  0x000001d510a98460: 4c8b c14e | 8d5c 1910 | 4589 134d | 8bd3 49c1 | ea09 49bb | 0000 b104 | d501 0000 | 4788 2413 
  0x000001d510a98480: 3bac 2498 | 0000 000f | 8e21 f6ff | ff4c 894c | 2420 498b | d14c 8b54 | 2460 4c89 | 5424 3848 
  0x000001d510a984a0: 8b6c 2438 

  0x000001d510a984a4: ;   {optimized virtual_call}
  0x000001d510a984a4: c5f8 77e8 

  0x000001d510a984a8: ; ImmutableOopMap {rbp=Oop [32]=Oop [40]=Oop [56]=Oop [96]=Oop [112]=Oop }
                      ;*invokevirtual rehash {reexecute=0 rethrow=0 return_oop=0}
                      ; - org.eclipse.jdt.internal.compiler.util.HashtableOfObject::putUnsafely@74 (line 141)
                      ; - org.eclipse.jdt.internal.core.index.DiskIndex::readCategoryTable@319 (line 711)
  0x000001d510a984a8: d462 25ff 

  0x000001d510a984ac: ;   {other}
  0x000001d510a984ac: 0f1f 8400 | 9c20 0017 | 4c8b 4c24 | 20e9 f0f5 | ffff 4183 | f802 0f85 | ac10 0000 | 448b 9c24 
  0x000001d510a984cc: 8400 0000 | 4585 db0f | 8eba fcff | ff41 c1e9 | 1f43 8d4c | 11fc d1f9 | 413b cb0f | 8e7a 0500 
  0x000001d510a984ec: 0041 8bcb | 4c8b 5424 | 6041 895a | 243b ac24 | 8800 0000 | 0f83 ba0a | 0000 8bac | 2490 0000 
  0x000001d510a9850c: 004c 8b94 | 24a0 0000 | 0042 0fb6 | 4415 1444 | 8b54 2420 | 4183 c206 | 4c8b 5c24 | 6045 8953 
  0x000001d510a9852c: 24c1 e008 | 3b9c 2488 | 0000 000f | 8397 1000 | 0044 8bdd | 410f b66c | 3b11 03e8 | 448b 8424 
  0x000001d510a9854c: 8400 0000 | 4585 c00f | 8488 1000 | 0041 896d | 104c 63d1 | 488b ac24 | a800 0000 | 493b ea4c 
  0x000001d510a9856c: 0f4c 9424 | a800 0000 | 458b d241 | ffca 4183 | fa01 0f8e | e410 0000 | bf01 0000 | 000f 1f80 
  0x000001d510a9858c: 0000 0000 | 448b 4424 | 2045 8d1c | 7841 8d6b | 0441 8d5b | 054c 8b44 | 2460 4189 

  0x000001d510a985a8: ;   {no_reloc}
  0x000001d510a985a8: 5824 3bac | 2488 0000 | 000f 830b | 0a00 004d | 63cb 448b | 8424 9000 | 0000 430f | b644 0814 
  0x000001d510a985c8: 458d 4b07 | c1e0 0845 | 8d43 0648 | 8b54 2460 | 4489 4224 | 443b 8c24 | 8800 0000 | 0f83 5a0a 
  0x000001d510a985e8: 0000 4183 | c308 4489 | 5a24 4c63 | c58b ac24 | 9000 0000 | 460f b64c | 0511 460f | b65c 0513 
  0x000001d510a98608: 460f b644 | 0512 4403 | c845 894c | bd10 41c1 | e008 4503 | c345 8944 | bd14 83c7 | 0241 3bfa 
  0x000001d510a98628: 0f8c 62ff | ffff 448b | dd3b f97d | 7966 6690 | 4c8b 5424 | 6041 8b6a | 248d 5d01 | 4189 5a24 
  0x000001d510a98648: 3bac 2488 | 0000 000f | 8375 0900 | 0041 0fb6 | 442b 1044 | 899c 2490 | 0000 0044 | 8d4f 01c1 
  0x000001d510a98668: e008 448d | 5d02 4589 | 5a24 3b9c | 2488 0000 | 000f 83c9 | 0900 004c | 63d5 448b | 9c24 9000 
  0x000001d510a98688: 0000 430f | b66c 1311 | 03e8 3bbc | 2484 0000 | 000f 834a | 0f00 0041 | 896c bd10 | 443b c97d 
  0x000001d510a986a8: ;   {no_reloc}
  0x000001d510a986a8: 0841 8bf9 | eb8a 448b | cf44 3b8c | 2484 0000 | 000f 8dd4 | faff ffba | 45ff ffff | 488b 6c24 
  0x000001d510a986c8: 604c 8b54 | 2428 4c89 | 5424 2044 | 8b54 2430 | 4489 5424 | 284c 8b54 | 2458 4c89 | 5424 3044 
  0x000001d510a986e8: 8b5c 2448 | 4489 5c24 | 2c48 8944 | 24f8 8b84 | 2480 0000 | 0089 4424 | 4048 8b44 | 24f8 4c8b 
  0x000001d510a98708: 5424 684c | 8954 2450 | 4c8b 5424 | 704c 8954 | 2468 448b | 9424 8400 | 0000 4c89 | 6c24 7044 
  0x000001d510a98728: 894c 247c | 4489 9424 | 8000 0000 

  0x000001d510a98734: ;   {runtime_call UncommonTrapBlob}
  0x000001d510a98734: c5f8 77e8 

  0x000001d510a98738: ; ImmutableOopMap {rbp=Oop [32]=Oop [48]=Oop [80]=Oop [104]=Oop [112]=Oop }
                      ;*if_icmpge {reexecute=1 rethrow=0 return_oop=0}
                      ; - (reexecute) org.eclipse.jdt.internal.core.index.DiskIndex::readStreamDocumentArray@223 (line 1036)
                      ; - org.eclipse.jdt.internal.core.index.DiskIndex::readCategoryTable@316 (line 711)
  0x000001d510a98738: c4b2 25ff 

  0x000001d510a9873c: ;   {other}
  0x000001d510a9873c: 0f1f 8400 | 2c23 0018 | 488b 5424 | 604c 8b44 | 2470 6690 

  0x000001d510a98750: ;   {optimized virtual_call}
  0x000001d510a98750: c5f8 77e8 

  0x000001d510a98754: ; ImmutableOopMap {[40]=Oop [88]=Oop [96]=Oop [104]=Oop [112]=Oop }
                      ;*invokevirtual readStreamBuffer {reexecute=0 rethrow=0 return_oop=0}
                      ; - org.eclipse.jdt.internal.core.index.DiskIndex::readStreamInt@15 (line 1050)
                      ; - org.eclipse.jdt.internal.core.index.DiskIndex::readCategoryTable@271 (line 703)
  0x000001d510a98754: 2860 25ff 

  0x000001d510a98758: ;   {other}
  0x000001d510a98758: 0f1f 8400 | 4823 0019 | 488b 5c24 | 6044 8b4b | 24e9 9df3 | ffff 83fa | 0175 4785 | d20f 86f7 
  0x000001d510a98778: 0e00 000f | b707 83c0 | 1fe9 c8f6 | ffff 4c89 | 4c24 2049 | 8bd1 4c8b | 5424 604c | 8954 2438 
  0x000001d510a98798: 488b 6c24 | 3866 6690 

  0x000001d510a987a0: ;   {optimized virtual_call}
  0x000001d510a987a0: c5f8 77e8 

  0x000001d510a987a4: ; ImmutableOopMap {rbp=Oop [32]=Oop [40]=Oop [56]=Oop [96]=Oop [112]=Oop }
                      ;*invokevirtual rehash {reexecute=0 rethrow=0 return_oop=0}
                      ; - org.eclipse.jdt.internal.compiler.util.HashtableOfObject::putUnsafely@74 (line 141)
                      ; - org.eclipse.jdt.internal.core.index.DiskIndex::readCategoryTable@294 (line 709)
  0x000001d510a987a4: d85f 25ff 

  0x000001d510a987a8: ;   {other}
  0x000001d510a987a8: 0f1f 8400 | 9823 001a | 4c8b 4c24 | 20e9 f4f2 | ffff b801 | 0000 00e9 | 8af6 ffff | 4c89 4c24 
  0x000001d510a987c8: 384c 8b54 | 2460 418b 

  0x000001d510a987d0: ;   {oop(a 'org/eclipse/jdt/internal/compiler/util/SimpleSetOfCharArray'{0x00000000814415c8})}
  0x000001d510a987d0: 6a48 48ba | c815 4481 | 0000 0000 | 4c8b 4424 | 2866 6690 

  0x000001d510a987e4: ;   {optimized virtual_call}
  0x000001d510a987e4: c5f8 77e8 

  0x000001d510a987e8: ; ImmutableOopMap {rbp=NarrowOop [40]=Oop [56]=Oop [96]=Oop [112]=Oop }
                      ;*invokevirtual get {reexecute=0 rethrow=0 return_oop=1}
                      ; - org.eclipse.jdt.internal.core.index.DiskIndex::readCategoryTable@398 (line 724)
  0x000001d510a987e8: d4be 6ef8 

  0x000001d510a987ec: ;   {other}
  0x000001d510a987ec: 0f1f 8400 | dc23 001b | 85ed 0f84 | 2c12 0000 | 488b d54c | 8bc0 4c8b | 4c24 3890 

  0x000001d510a98808: ;   {optimized virtual_call}
  0x000001d510a98808: c5f8 77e8 

  0x000001d510a9880c: ; ImmutableOopMap {[40]=Oop [56]=Oop [96]=Oop [112]=Oop }
                      ;*invokevirtual put {reexecute=0 rethrow=0 return_oop=1}
                      ; - org.eclipse.jdt.internal.core.index.DiskIndex::readCategoryTable@403 (line 724)
  0x000001d510a9880c: 5028 34f9 

  0x000001d510a98810: ;   {other}
  0x000001d510a98810: 0f1f 8400 | 0024 001c | 488b 6c24 | 3844 8b55 | 0c4c 8b5c | 2460 4c8b | 4424 284d | 8bc8 49c1 
  0x000001d510a98830: eb09 49b8 | 0000 b104 | d501 0000 | 4788 2418 | 4d33 db41 | 81fa 204e | 0000 450f | 4dcb 4c8b 
  0x000001d510a98850: 5424 6045 | 894a 4c48 | 8b54 2470 

  0x000001d510a9885c: ;   {optimized virtual_call}
  0x000001d510a9885c: c5f8 77e8 

  0x000001d510a98860: ; ImmutableOopMap {[56]=Oop [96]=Oop }
                      ;*invokevirtual close {reexecute=0 rethrow=0 return_oop=0}
                      ; - org.eclipse.jdt.internal.core.index.DiskIndex::readCategoryTable@434 (line 728)
  0x000001d510a98860: bc70 e0f8 

  0x000001d510a98864: ;   {other}
  0x000001d510a98864: 0f1f 8400 | 5424 001d | 4c8b 5424 | 6045 3b62 | 340f 84d1 | 1100 0045 | 8962 5048 | 8d84 24b0 
  0x000001d510a98884: 0000 004c | 8b5c 2460 | 4883 3800 | 0f84 7900 | 0000 4d8b | 1341 f6c2 | 020f 8462 | 0000 0049 
  0x000001d510a988a4: 83ba 8600 | 0000 0074 | 0949 ff8a | 8600 0000 | eb4b 498b | 8296 0000 | 0049 0b82 | 8e00 0000 
  0x000001d510a988c4: 750a 49c7 | 423e 0000 | 0000 eb3d | 4983 ba9e | 0000 0000 | 7422 4833 | c049 c742 | 3e00 0000 
  0x000001d510a988e4: 00f0 8304 | 2400 4983 | ba9e 0000 | 0000 750d | f04d 0fb1 | 7a3e 7505 | 83c8 01eb | 0ca8 00eb 
  0x000001d510a98904: 084c 8b10 | f04d 0fb1 | 1375 0a49 | ff8f 5005 | 0000 4533 | d20f 8545 | 1100 0048 | 8b44 2438 
  0x000001d510a98924: c5f8 7748 | 81c4 c000 

  0x000001d510a9892c: ;   {poll_return}
  0x000001d510a9892c: 0000 5d49 | 3ba7 5004 | 0000 0f87 | 0e1b 0000 | c383 fa01 | 0f85 0d01 | 0000 85d2 | 0f86 a211 
  0x000001d510a9894c: 0000 0fb7 | 0783 c01f | e92b faff 

  0x000001d510a98958: ;   {metadata({type array int})}
  0x000001d510a98958: ff48 ba08 | 2700 1cd5 | 0100 0041 | b801 0000 | 0049 8be9 | 4c8b 5424 | 584c 8954 | 2438 6690 
  0x000001d510a98978: ;   {runtime_call _new_array_Java}
  0x000001d510a98978: c5f8 77e8 

  0x000001d510a9897c: ; ImmutableOopMap {rbp=Oop [40]=Oop [56]=Oop [88]=Oop [96]=Oop [104]=Oop [112]=Oop [140]=NarrowOop [148]=NarrowOop }
                      ;*newarray {reexecute=0 rethrow=0 return_oop=1}
                      ; - org.eclipse.jdt.internal.core.index.DiskIndex::readCategoryTable@286 (line 709)
  0x000001d510a9897c: 806c 27ff 

  0x000001d510a98980: ;   {other}
  0x000001d510a98980: 0f1f 8400 | 7025 001e | 4c8b c0e9 | aff2 ffff | 4c8b 5c24 | 6048 8d84 | 24b0 0000 | 0048 8338 
  0x000001d510a989a0: 000f 8479 | 0000 004d | 8b13 41f6 | c202 0f84 | 6200 0000 | 4983 ba86 | 0000 0000 | 7409 49ff 
  0x000001d510a989c0: 8a86 0000 | 00eb 4b49 | 8b82 9600 | 0000 490b | 828e 0000 | 0075 0a49 | c742 3e00 | 0000 00eb 
  0x000001d510a989e0: 3d49 83ba | 9e00 0000 | 0074 2248 | 33c0 49c7 | 423e 0000 | 0000 f083 | 0424 0049 | 83ba 9e00 
  0x000001d510a98a00: 0000 0075 | 0df0 4d0f | b17a 3e75 | 0583 c801 | eb0c a800 | eb08 4c8b | 10f0 4d0f | b113 750a 
  0x000001d510a98a20: 49ff 8f50 | 0500 0045 | 33d2 0f85 | 0c11 0000 | 33c0 e9ed | feff ff45 | 33d2 4533 | c04c 8954 
  0x000001d510a98a40: 2420 4c89 | 4424 40e9 | 60ea ffff | ffc3 e96c | edff ffb8 | 0100 0000 | e927 f9ff | ffbb 0100 
  0x000001d510a98a60: 0000 e9b1 | edff ff85 | c90f 8f81 | faff ff45 | 33c9 e93a | fcff ff4c | 899c 24a8 

  0x000001d510a98a7c: ;   {metadata({type array int})}
  0x000001d510a98a7c: 0000 0048 | ba08 2700 | 1cd5 0100 | 0044 8b84 | 2484 0000 | 004c 8b54 | 2460 4c89 | 5424 3890 
  0x000001d510a98a9c: ;   {runtime_call _new_array_Java}
  0x000001d510a98a9c: c5f8 77e8 

  0x000001d510a98aa0: ; ImmutableOopMap {[40]=Oop [56]=Oop [88]=Oop [96]=Oop [104]=Oop [112]=Oop [140]=NarrowOop [144]=NarrowOop [148]=NarrowOop }
                      ;*newarray {reexecute=0 rethrow=0 return_oop=1}
                      ; - org.eclipse.jdt.internal.core.index.DiskIndex::readStreamDocumentArray@1 (line 1008)
                      ; - org.eclipse.jdt.internal.core.index.DiskIndex::readCategoryTable@316 (line 711)
  0x000001d510a98aa0: 5c6b 27ff 

  0x000001d510a98aa4: ;   {other}
  0x000001d510a98aa4: 0f1f 8400 | 9426 001f | 4c8b e8e9 | 21f5 ffff | 418b 6a18 

  0x000001d510a98ab8: ; implicit exception: dispatches to 0x000001d510a99fa4
  0x000001d510a98ab8: 448b 550c | 453b c20f | 83d7 1000 | 0042 8b6c | 8510 85ed | 0f84 10e8 | ffff 448b 

  0x000001d510a98ad4: ;   {metadata('org/eclipse/jdt/internal/compiler/util/HashtableOfObject')}
  0x000001d510a98ad4: 5d08 4181 | fb88 b031 | 010f 8561 | 1100 0048 | 8bdd 448b | 5424 3045 | 85d2 0f85 | f405 0000 
  0x000001d510a98af4: 488d 8424 | b000 0000 | 4c8b 5c24 | 6048 8338 | 000f 8479 | 0000 004d | 8b13 41f6 | c202 0f84 
  0x000001d510a98b14: 6200 0000 | 4983 ba86 | 0000 0000 | 7409 49ff | 8a86 0000 | 00eb 4b49 | 8b82 9600 | 0000 490b 
  0x000001d510a98b34: 828e 0000 | 0075 0a49 | c742 3e00 | 0000 00eb | 3d49 83ba | 9e00 0000 | 0074 2248 | 33c0 49c7 
  0x000001d510a98b54: 423e 0000 | 0000 f083 | 0424 0049 | 83ba 9e00 | 0000 0075 | 0df0 4d0f | b17a 3e75 | 0583 c801 
  0x000001d510a98b74: eb0c a800 | eb08 4c8b | 10f0 4d0f | b113 750a | 49ff 8f50 | 0500 0045 | 33d2 0f85 | 2c10 0000 
  0x000001d510a98b94: 488b c3e9 | 88fd ffff | bae4 ffff | ff4c 8b54 | 2458 4c89 | 5424 3844 | 8b54 2448 | 4489 5424 
  0x000001d510a98bb4: 3448 895c | 2450 4889 | 5c24 5889 | 4c24 6044 | 894c 2464 

  0x000001d510a98bc8: ;   {runtime_call UncommonTrapBlob}
  0x000001d510a98bc8: c5f8 77e8 

  0x000001d510a98bcc: ; ImmutableOopMap {[40]=Oop [56]=Oop [80]=Oop [88]=Oop [96]=NarrowOop [104]=Oop [112]=Oop }
                      ;*baload {reexecute=0 rethrow=0 return_oop=0}
                      ; - org.eclipse.jdt.internal.core.index.DiskIndex::readStreamInt@33 (line 1052)
                      ; - org.eclipse.jdt.internal.core.index.DiskIndex::readCategoryTable@271 (line 703)
  0x000001d510a98bcc: 30ae 25ff 

  0x000001d510a98bd0: ;   {other}
  0x000001d510a98bd0: 0f1f 8400 | c027 0020 | bae4 ffff | ff4c 8b44 | 2458 4c89 | 4424 3844 | 8b4c 2448 | 4489 4c24 
  0x000001d510a98bf0: 344c 8b44 | 2468 4c89 | 4424 4848 | 895c 2450 | 4889 5c24 | 5844 895c | 2460 894c | 2464 4489 
  0x000001d510a98c10: 5424 6890 

  0x000001d510a98c14: ;   {runtime_call UncommonTrapBlob}
  0x000001d510a98c14: c5f8 77e8 

  0x000001d510a98c18: ; ImmutableOopMap {[40]=Oop [56]=Oop [72]=Oop [80]=Oop [88]=Oop [100]=NarrowOop [112]=Oop }
                      ;*baload {reexecute=0 rethrow=0 return_oop=0}
                      ; - org.eclipse.jdt.internal.core.index.DiskIndex::readStreamInt@58 (line 1053)
                      ; - org.eclipse.jdt.internal.core.index.DiskIndex::readCategoryTable@271 (line 703)
  0x000001d510a98c18: e4ad 25ff 

  0x000001d510a98c1c: ;   {other}
  0x000001d510a98c1c: 0f1f 8400 | 0c28 0021 | 48ff 7424 | 6048 8f44 | 2420 4c8b | 5424 704c | 8954 2440 | 448b 5424 
  0x000001d510a98c3c: 4844 8954 | 2434 4889 | 4c24 604c | 8944 2468 | 4489 4c24 | 4c89 5424 | 74ba e4ff | ffff 6690 
  0x000001d510a98c5c: ;   {runtime_call UncommonTrapBlob}
  0x000001d510a98c5c: c5f8 77e8 

  0x000001d510a98c60: ; ImmutableOopMap {rbp=NarrowOop [32]=Oop [40]=Oop [64]=Oop [88]=Oop [96]=Oop [104]=Oop }
                      ;*aaload {reexecute=0 rethrow=0 return_oop=0}
                      ; - org.eclipse.jdt.internal.compiler.util.HashtableOfObject::putUnsafely@35 (line 131)
                      ; - org.eclipse.jdt.internal.core.index.DiskIndex::readCategoryTable@294 (line 709)
  0x000001d510a98c60: 9cad 25ff 

  0x000001d510a98c64: ;   {other}
  0x000001d510a98c64: 0f1f 8400 | 5428 0022 | 48ff 7424 | 6048 8f44 | 2420 4c8b | 5424 704c | 8954 2440 | 448b 5424 
  0x000001d510a98c84: 4844 8954 | 2434 4c89 | 4424 6089 | 5424 6848 | 894c 2470 | bae4 ffff | ff66 6690 

  0x000001d510a98ca0: ;   {runtime_call UncommonTrapBlob}
  0x000001d510a98ca0: c5f8 77e8 

  0x000001d510a98ca4: ; ImmutableOopMap {rbp=NarrowOop [32]=Oop [40]=Oop [64]=Oop [88]=Oop [96]=Oop [112]=Oop }
                      ;*aastore {reexecute=1 rethrow=0 return_oop=0}
                      ; - (reexecute) org.eclipse.jdt.internal.compiler.util.HashtableOfObject::putUnsafely@46 (line 136)
                      ; - org.eclipse.jdt.internal.core.index.DiskIndex::readCategoryTable@294 (line 709)
  0x000001d510a98ca4: 58ad 25ff 

  0x000001d510a98ca8: ;   {other}
  0x000001d510a98ca8: 0f1f 8400 | 9828 0023 | 48ff 7424 | 6048 8f44 | 2420 448b | 5424 4844 | 8954 2434 | 8954 244c 
  0x000001d510a98cc8: 4c89 4424 | 60ba e4ff | ffff 6690 

  0x000001d510a98cd4: ;   {runtime_call UncommonTrapBlob}
  0x000001d510a98cd4: c5f8 77e8 

  0x000001d510a98cd8: ; ImmutableOopMap {[32]=Oop [40]=Oop [88]=Oop [96]=Oop [112]=Oop [140]=NarrowOop }
                      ;*aastore {reexecute=1 rethrow=0 return_oop=0}
                      ; - (reexecute) org.eclipse.jdt.internal.compiler.util.HashtableOfObject::putUnsafely@54 (line 137)
                      ; - org.eclipse.jdt.internal.core.index.DiskIndex::readCategoryTable@294 (line 709)
  0x000001d510a98cd8: 24ad 25ff 

  0x000001d510a98cdc: ;   {other}
  0x000001d510a98cdc: 0f1f 8400 | cc28 0024 | ba86 ffff | ff48 8b6c | 2460 4c8b | 5424 284c | 8954 2420 | 448b 5424 
  0x000001d510a98cfc: 3044 8954 | 2428 448b | 5c24 4844 | 895c 242c | 8944 2444 

  0x000001d510a98d10: ;   {runtime_call UncommonTrapBlob}
  0x000001d510a98d10: c5f8 77e8 

  0x000001d510a98d14: ; ImmutableOopMap {rbp=Oop [32]=Oop [88]=Oop [112]=Oop }
                      ;*irem {reexecute=0 rethrow=0 return_oop=0}
                      ; - org.eclipse.jdt.internal.compiler.util.HashtableOfObject::putUnsafely@11 (line 130)
                      ; - org.eclipse.jdt.internal.core.index.DiskIndex::readCategoryTable@294 (line 709)
  0x000001d510a98d14: e8ac 25ff 

  0x000001d510a98d18: ;   {other}
  0x000001d510a98d18: 0f1f 8400 | 0829 0025 | 48ff 7424 | 6048 8f44 | 2420 448b | 5c24 4844 | 895c 2434 | 8954 244c 
  0x000001d510a98d38: 4c89 4424 | 60ba d6ff | ffff 6690 

  0x000001d510a98d44: ;   {runtime_call UncommonTrapBlob}
  0x000001d510a98d44: c5f8 77e8 

  0x000001d510a98d48: ; ImmutableOopMap {[32]=Oop [40]=Oop [88]=Oop [96]=Oop [112]=Oop [140]=NarrowOop }
                      ;*aastore {reexecute=1 rethrow=0 return_oop=0}
                      ; - (reexecute) org.eclipse.jdt.internal.compiler.util.HashtableOfObject::putUnsafely@54 (line 137)
                      ; - org.eclipse.jdt.internal.core.index.DiskIndex::readCategoryTable@294 (line 709)
  0x000001d510a98d48: b4ac 25ff 

  0x000001d510a98d4c: ;   {other}
  0x000001d510a98d4c: 0f1f 8400 | 3c29 0026 | 4183 fb01 | 0f85 ee00 | 0000 4585 | db0f 8686 | 0e00 000f | b707 83c0 
  0x000001d510a98d6c: 1fe9 c3e1 | ffff 48ff | 7424 6048 | 8f44 2420 | 4c8b 5424 | 704c 8954 | 2440 448b | 5424 4844 
  0x000001d510a98d8c: 8954 2434 | 4889 4c24 | 604c 8944 | 2468 4489 | 4c24 4c89 | 5424 74ba | e4ff ffff 

  0x000001d510a98da8: ;   {runtime_call UncommonTrapBlob}
  0x000001d510a98da8: c5f8 77e8 

  0x000001d510a98dac: ; ImmutableOopMap {rbp=NarrowOop [32]=Oop [40]=Oop [64]=Oop [88]=Oop [96]=Oop [104]=Oop }
                      ;*aaload {reexecute=0 rethrow=0 return_oop=0}
                      ; - org.eclipse.jdt.internal.compiler.util.HashtableOfObject::putUnsafely@35 (line 131)
                      ; - org.eclipse.jdt.internal.core.index.DiskIndex::readCategoryTable@294 (line 709)
  0x000001d510a98dac: 50ac 25ff 

  0x000001d510a98db0: ;   {other}
  0x000001d510a98db0: 0f1f 8400 | a029 0027 | 418b e945 | 8bda 448b | d241 8bd3 | eb04 4183 | c202 458b | ca44 8bd2 
  0x000001d510a98dd0: 448b 8424 | 9000 0000 | bae4 ffff | ff4c 8b5c | 2460 4c89 | 5c24 204c | 8b5c 2458 | 4c89 5c24 
  0x000001d510a98df0: 3844 8b5c | 2448 4489 | 5c24 3448 | 8944 24f8 | 8b84 2480 | 0000 0089 | 4424 4848 | 8b44 24f8 
  0x000001d510a98e10: 48ff 7424 | 6848 8f44 | 2458 4489 | 8c24 8000 | 0000 4c89 | ac24 8800 | 0000 4489 | 9424 9000 
  0x000001d510a98e30: 0000 4489 | 8424 9400 | 0000 6690 

  0x000001d510a98e3c: ;   {runtime_call UncommonTrapBlob}
  0x000001d510a98e3c: c5f8 77e8 

  0x000001d510a98e40: ; ImmutableOopMap {[32]=Oop [40]=Oop [56]=Oop [88]=Oop [112]=Oop [136]=Oop [148]=NarrowOop }
                      ;*baload {reexecute=0 rethrow=0 return_oop=0}
                      ; - org.eclipse.jdt.internal.core.index.DiskIndex::readStreamDocumentArray@90 (line 1020)
                      ; - org.eclipse.jdt.internal.core.index.DiskIndex::readCategoryTable@316 (line 711)
  0x000001d510a98e40: bcab 25ff 

  0x000001d510a98e44: ;   {other}
  0x000001d510a98e44: 0f1f 8400 | 342a 0028 | b801 0000 | 00e9 dfe0 | ffff 4c89 | 4c24 38e9 | 69f9 ffff | 48ff 7424 
  0x000001d510a98e64: 6048 8f44 | 2420 4c8b | 5c24 704c | 895c 2440 | 448b 5c24 | 4844 895c | 2434 4c89 | 4c24 604c 
  0x000001d510a98e84: 896c 2468 | 4489 5424 | 4c89 5424 | 74ba e4ff | ffff 6690 

  0x000001d510a98e98: ;   {runtime_call UncommonTrapBlob}
  0x000001d510a98e98: c5f8 77e8 

  0x000001d510a98e9c: ; ImmutableOopMap {rbp=NarrowOop [32]=Oop [40]=Oop [64]=Oop [88]=Oop [96]=Oop [104]=Oop }
                      ;*aaload {reexecute=0 rethrow=0 return_oop=0}
                      ; - org.eclipse.jdt.internal.compiler.util.HashtableOfObject::putUnsafely@35 (line 131)
                      ; - org.eclipse.jdt.internal.core.index.DiskIndex::readCategoryTable@319 (line 711)
  0x000001d510a98e9c: 60ab 25ff 

  0x000001d510a98ea0: ;   {other}
  0x000001d510a98ea0: 0f1f 8400 | 902a 0029 | 48ff 7424 | 6048 8f44 | 2420 4c8b | 5424 704c | 8954 2440 | 448b 5c24 
  0x000001d510a98ec0: 4844 895c | 2434 4c89 | 6c24 6089 | 5424 684c | 894c 2470 | bae4 ffff | ff66 6690 

  0x000001d510a98edc: ;   {runtime_call UncommonTrapBlob}
  0x000001d510a98edc: c5f8 77e8 

  0x000001d510a98ee0: ; ImmutableOopMap {rbp=NarrowOop [32]=Oop [40]=Oop [64]=Oop [88]=Oop [96]=Oop [112]=Oop }
                      ;*aastore {reexecute=1 rethrow=0 return_oop=0}
                      ; - (reexecute) org.eclipse.jdt.internal.compiler.util.HashtableOfObject::putUnsafely@46 (line 136)
                      ; - org.eclipse.jdt.internal.core.index.DiskIndex::readCategoryTable@319 (line 711)
  0x000001d510a98ee0: 1cab 25ff 

  0x000001d510a98ee4: ;   {other}
  0x000001d510a98ee4: 0f1f 8400 | d42a 002a | 488b 6c24 | 604c 8b54 | 2428 4c89 | 5424 2044 | 8b54 2430 | 4489 5424 
  0x000001d510a98f04: 284c 8b54 | 2458 4c89 | 5424 3044 | 8b5c 2448 | 4489 5c24 | 2c89 5424 | 584c 896c | 2460 bae4 
  0x000001d510a98f24: ffff ff90 

  0x000001d510a98f28: ;   {runtime_call UncommonTrapBlob}
  0x000001d510a98f28: c5f8 77e8 

  0x000001d510a98f2c: ; ImmutableOopMap {rbp=Oop [32]=Oop [48]=Oop [96]=Oop [112]=Oop [140]=NarrowOop }
                      ;*aastore {reexecute=1 rethrow=0 return_oop=0}
                      ; - (reexecute) org.eclipse.jdt.internal.compiler.util.HashtableOfObject::putUnsafely@54 (line 137)
                      ; - org.eclipse.jdt.internal.core.index.DiskIndex::readCategoryTable@319 (line 711)
  0x000001d510a98f2c: d0aa 25ff 

  0x000001d510a98f30: ;   {other}
  0x000001d510a98f30: 0f1f 8400 | 202b 002b | ba86 ffff | ff48 8b6c | 2460 4c8b | 5424 284c | 8954 2420 | 448b 5424 
  0x000001d510a98f50: 3044 8954 | 2428 448b | 5c24 4844 | 895c 242c | 8944 2444 

  0x000001d510a98f64: ;   {runtime_call UncommonTrapBlob}
  0x000001d510a98f64: c5f8 77e8 

  0x000001d510a98f68: ; ImmutableOopMap {rbp=Oop [32]=Oop [88]=Oop [112]=Oop }
                      ;*irem {reexecute=0 rethrow=0 return_oop=0}
                      ; - org.eclipse.jdt.internal.compiler.util.HashtableOfObject::putUnsafely@11 (line 130)
                      ; - org.eclipse.jdt.internal.core.index.DiskIndex::readCategoryTable@319 (line 711)
  0x000001d510a98f68: 94aa 25ff 

  0x000001d510a98f6c: ;   {other}
  0x000001d510a98f6c: 0f1f 8400 | 5c2b 002c | 488b 6c24 | 604c 8b54 | 2428 4c89 | 5424 2044 | 8b54 2430 | 4489 5424 
  0x000001d510a98f8c: 284c 8b54 | 2458 4c89 | 5424 3044 | 8b54 2448 | 4489 5424 | 2c89 5424 | 584c 896c | 2460 bad6 
  0x000001d510a98fac: ffff ff90 

  0x000001d510a98fb0: ;   {runtime_call UncommonTrapBlob}
  0x000001d510a98fb0: c5f8 77e8 

  0x000001d510a98fb4: ; ImmutableOopMap {rbp=Oop [32]=Oop [48]=Oop [96]=Oop [112]=Oop [140]=NarrowOop }
                      ;*aastore {reexecute=1 rethrow=0 return_oop=0}
                      ; - (reexecute) org.eclipse.jdt.internal.compiler.util.HashtableOfObject::putUnsafely@54 (line 137)
                      ; - org.eclipse.jdt.internal.core.index.DiskIndex::readCategoryTable@319 (line 711)
  0x000001d510a98fb4: 48aa 25ff 

  0x000001d510a98fb8: ;   {other}
  0x000001d510a98fb8: 0f1f 8400 | a82b 002d | 33ff 448b | 9c24 9000 | 0000 bae4 | ffff ff4c | 8b54 2460 | 4c89 5424 
  0x000001d510a98fd8: 204c 8b54 | 2458 4c89 | 5424 3844 | 8b44 2448 | 4489 4424 | 3448 8944 | 24f8 8b84 | 2480 0000 
  0x000001d510a98ff8: 0089 4424 | 4848 8b44 | 24f8 48ff | 7424 6848 | 8f44 2458 | 448b 9424 | 8400 0000 | 4489 5424 
  0x000001d510a99018: 4c4c 896c | 2478 89bc | 2480 0000 | 0089 8c24 | 8400 0000 | 4489 9c24 | 8800 0000 

  0x000001d510a99034: ;   {runtime_call UncommonTrapBlob}
  0x000001d510a99034: c5f8 77e8 

  0x000001d510a99038: ; ImmutableOopMap {[32]=Oop [40]=Oop [56]=Oop [88]=Oop [112]=Oop [120]=Oop [136]=NarrowOop }
                      ;*baload {reexecute=0 rethrow=0 return_oop=0}
                      ; - org.eclipse.jdt.internal.core.index.DiskIndex::readStreamDocumentArray@173 (line 1033)
                      ; - org.eclipse.jdt.internal.core.index.DiskIndex::readCategoryTable@316 (line 711)
  0x000001d510a99038: c4a9 25ff 

  0x000001d510a9903c: ;   {other}
  0x000001d510a9903c: 0f1f 8400 | 2c2c 002e | 448d 4f01 | bae4 ffff | ff48 8b6c | 2460 4c8b | 5424 284c | 8954 2420 
  0x000001d510a9905c: 448b 5424 | 3044 8954 | 2428 4c8b | 5424 584c | 8954 2430 | 448b 5c24 | 4844 895c | 242c 4889 
  0x000001d510a9907c: 4424 f88b | 8424 8000 | 0000 8944 | 2440 488b | 4424 f84c | 8b54 2468 | 4c89 5424 | 504c 8b54 
  0x000001d510a9909c: 2470 4c89 | 5424 6844 | 8b94 2484 | 0000 0044 | 8954 2444 | 4489 4c24 | 7889 4c24 | 7c4c 89ac 
  0x000001d510a990bc: 2480 0000 | 0089 bc24 | 8800 0000 | 8984 248c | 0000 0089 | 9c24 9400 | 0000 6690 

  0x000001d510a990d8: ;   {runtime_call UncommonTrapBlob}
  0x000001d510a990d8: c5f8 77e8 

  0x000001d510a990dc: ; ImmutableOopMap {rbp=Oop [32]=Oop [48]=Oop [80]=Oop [104]=Oop [128]=Oop [144]=NarrowOop }
                      ;*baload {reexecute=0 rethrow=0 return_oop=0}
                      ; - org.eclipse.jdt.internal.core.index.DiskIndex::readStreamDocumentArray@206 (line 1034)
                      ; - org.eclipse.jdt.internal.core.index.DiskIndex::readCategoryTable@316 (line 711)
  0x000001d510a990dc: 20a9 25ff 

  0x000001d510a990e0: ;   {other}
  0x000001d510a990e0: 0f1f 8400 | d02c 002f | 448b 5b18 

  0x000001d510a990ec: ; implicit exception: dispatches to 0x000001d510a99fd4
  0x000001d510a990ec: 458b 430c | 4585 c00f | 86fb f9ff | ff45 8d50 | ff45 3bd0 | 0f83 1a0b | 0000 418b | 7b08 498b 
  0x000001d510a9910c: cb33 f6eb | 4e0f 1f84 | 0000 0000 | 000f 1f80 | 0000 0000 | 4c8b dd4c | 8bd0 4489 | 5500 49c1 
  0x000001d510a9912c: eb09 49ba | 0000 b104 | d501 0000 | 4788 241a | 488b 5c24 | 2844 8b5c | 2430 448b | 4424 3448 
  0x000001d510a9914c: 8b4c 2438 | 8b74 2440 | ffc6 413b | f00f 8d95 | f9ff ff49 | 8d6c b310 | 448b 5500 | 4585 d274 
  0x000001d510a9916c: e745 8b4a 

  0x000001d510a99170: ;   {metadata('java/lang/Integer')}
  0x000001d510a99170: 0841 81f9 | d85f 0200 | 75da 897c | 2458 8974 | 2440 4889 | 4c24 3844 | 8944 2434 | 4489 5c24 
  0x000001d510a99190: 3048 895c | 2428 4d8b | c248 8b54 | 2460 6690 

  0x000001d510a991a0: ;   {optimized virtual_call}
  0x000001d510a991a0: c5f8 77e8 

  0x000001d510a991a4: ; ImmutableOopMap {[40]=Oop [48]=NarrowOop [56]=Oop rbp=Derived_oop_[56] [96]=Oop }
                      ;*invokevirtual readDocumentNumbers {reexecute=0 rethrow=0 return_oop=1}
                      ; - org.eclipse.jdt.internal.core.index.DiskIndex::readCategoryTable@101 (line 674)
  0x000001d510a991a4: d855 25ff 

  0x000001d510a991a8: ;   {other}
  0x000001d510a991a8: 0f1f 8400 | 982d 0030 | 8b7c 2458 

  0x000001d510a991b4: ;   {metadata('java/lang/Object'[])}
  0x000001d510a991b4: 81ff 7012 | 0000 0f84 | 60ff ffff | bad6 ffff | ff48 8944 | 2448 6690 

  0x000001d510a991cc: ;   {runtime_call UncommonTrapBlob}
  0x000001d510a991cc: c5f8 77e8 

  0x000001d510a991d0: ; ImmutableOopMap {[40]=Oop [48]=NarrowOop [72]=Oop [96]=Oop }
                      ;*aastore {reexecute=1 rethrow=0 return_oop=0}
                      ; - (reexecute) org.eclipse.jdt.internal.core.index.DiskIndex::readCategoryTable@104 (line 674)
  0x000001d510a991d0: 2ca8 25ff 

  0x000001d510a991d4: ;   {other}
  0x000001d510a991d4: 0f1f 8400 | c42d 0031 | 4c89 5c24 | 3844 896c | 2428 4c89 

  0x000001d510a991e8: ;   {metadata({type array byte})}
  0x000001d510a991e8: 7424 2048 | ba18 2300 | 1cd5 0100 | 0066 6690 

  0x000001d510a991f8: ;   {runtime_call _new_array_Java}
  0x000001d510a991f8: c5f8 77e8 

  0x000001d510a991fc: ; ImmutableOopMap {[32]=Oop [96]=Oop }
                      ;*newarray {reexecute=0 rethrow=0 return_oop=1}
                      ; - org.eclipse.jdt.internal.core.index.DiskIndex::readCategoryTable@134 (line 684)
  0x000001d510a991fc: 0064 27ff 

  0x000001d510a99200: ;   {other}
  0x000001d510a99200: 0f1f 8400 | f02d 0032 | 4c8b 7424 | 2044 8b6c | 2428 4c8b | 5c24 3848 | 8bd8 e9b3 | e1ff ff4c 
  0x000001d510a99220: 894c 2440 | 4c89 5c24 | 3844 896c | 2428 4c89 

  0x000001d510a99230: ;   {metadata('java/lang/Object')}
  0x000001d510a99230: 7424 2048 | ba90 0e00 | 1cd5 0100 | 0066 6690 

  0x000001d510a99240: ;   {runtime_call _new_instance_Java}
  0x000001d510a99240: c5f8 77e8 

  0x000001d510a99244: ; ImmutableOopMap {rbp=NarrowOop [32]=Oop [64]=Oop [96]=Oop }
                      ;*new {reexecute=0 rethrow=0 return_oop=1}
                      ; - java.io.FileInputStream::<init>@5
                      ; - org.eclipse.jdt.internal.core.index.FileIndexLocation::getInputStream@8 (line 83)
                      ; - org.eclipse.jdt.internal.core.index.DiskIndex::readCategoryTable@149 (line 686)
  0x000001d510a99244: b866 27ff 

  0x000001d510a99248: ;   {other}
  0x000001d510a99248: 0f1f 8400 | 382e 0033 | 4c8b 7424 | 2044 8b6c | 2428 4c8b | 5c24 384c | 8b4c 2440 | e92a e2ff 
  0x000001d510a99268: ff4c 895c | 2438 4489 | 6c24 284c | 8974 2420 

  0x000001d510a99278: ;   {metadata('java/io/FileInputStream')}
  0x000001d510a99278: 48ba 401a | 011c d501 | 0000 6690 

  0x000001d510a99284: ;   {runtime_call _new_instance_Java}
  0x000001d510a99284: c5f8 77e8 

  0x000001d510a99288: ; ImmutableOopMap {rbp=Oop [32]=Oop [96]=Oop }
                      ;*new {reexecute=0 rethrow=0 return_oop=1}
                      ; - org.eclipse.jdt.internal.core.index.FileIndexLocation::getInputStream@0 (line 83)
                      ; - org.eclipse.jdt.internal.core.index.DiskIndex::readCategoryTable@149 (line 686)
  0x000001d510a99288: 7466 27ff 

  0x000001d510a9928c: ;   {other}
  0x000001d510a9928c: 0f1f 8400 | 7c2e 0034 | 4c8b 7424 | 2044 8b6c | 2428 4c8b | 5c24 38e9 | a9e1 ffff 

  0x000001d510a992a8: ;   {metadata('java/io/FileDescriptor')}
  0x000001d510a992a8: 48ba e824 | 011c d501 | 0000 4c8b | 5424 704c | 8954 2450 | 4c89 5424 | 6866 6690 

  0x000001d510a992c4: ;   {runtime_call _new_instance_Java}
  0x000001d510a992c4: c5f8 77e8 

  0x000001d510a992c8: ; ImmutableOopMap {[32]=Oop [40]=Oop [80]=Oop [96]=Oop [104]=Oop [112]=Oop }
                      ;*new {reexecute=0 rethrow=0 return_oop=1}
                      ; - java.io.FileInputStream::<init>@71
                      ; - org.eclipse.jdt.internal.core.index.FileIndexLocation::getInputStream@8 (line 83)
                      ; - org.eclipse.jdt.internal.core.index.DiskIndex::readCategoryTable@149 (line 686)
  0x000001d510a992c8: 3466 27ff 

  0x000001d510a992cc: ;   {other}
  0x000001d510a992cc: 0f1f 8400 | bc2e 0035 | 488b d0e9 | b8e2 ffff 

  0x000001d510a992dc: ;   {metadata('org/eclipse/jdt/internal/compiler/util/HashtableOfObject')}
  0x000001d510a992dc: 48ba 88b0 | 311d d501 | 0000 6690 

  0x000001d510a992e8: ;   {runtime_call _new_instance_Java}
  0x000001d510a992e8: c5f8 77e8 

  0x000001d510a992ec: ; ImmutableOopMap {[40]=Oop [96]=Oop [112]=Oop }
                      ;*new {reexecute=0 rethrow=0 return_oop=1}
                      ; - org.eclipse.jdt.internal.core.index.DiskIndex::readCategoryTable@194 (line 692)
  0x000001d510a992ec: 1066 27ff 

  0x000001d510a992f0: ;   {other}
  0x000001d510a992f0: 0f1f 8400 | e02e 0036 | e987 e4ff | ff49 8be9 | 4489 5c24 

  0x000001d510a99304: ;   {metadata('java/lang/Object'[])}
  0x000001d510a99304: 3448 ba70 | 1200 1cd5 | 0100 0044 | 8bc3 6690 

  0x000001d510a99314: ;   {runtime_call _new_array_Java}
  0x000001d510a99314: c5f8 77e8 

  0x000001d510a99318: ; ImmutableOopMap {rbp=Oop [40]=Oop [96]=Oop [112]=Oop }
                      ;*anewarray {reexecute=0 rethrow=0 return_oop=1}
                      ; - org.eclipse.jdt.internal.compiler.util.HashtableOfObject::<init>@71 (line 57)
                      ; - org.eclipse.jdt.internal.core.index.DiskIndex::readCategoryTable@200 (line 692)
  0x000001d510a99318: e462 27ff 

  0x000001d510a9931c: ;   {other}
  0x000001d510a9931c: 0f1f 8400 | 0c2f 0037 | 448b 5c24 | 344c 8bcd | 488b d0e9 | b4e6 ffff | 895c 2420 

  0x000001d510a99338: ;   {metadata({type array char}[])}
  0x000001d510a99338: 498b e948 | ba18 b50d | 1dd5 0100 | 0044 8bc3 

  0x000001d510a99348: ;   {runtime_call _new_array_Java}
  0x000001d510a99348: c5f8 77e8 

  0x000001d510a9934c: ; ImmutableOopMap {rbp=Oop [40]=Oop [96]=Oop [112]=Oop }
                      ;*anewarray {reexecute=0 rethrow=0 return_oop=1}
                      ; - org.eclipse.jdt.internal.compiler.util.HashtableOfObject::<init>@63 (line 56)
                      ; - org.eclipse.jdt.internal.core.index.DiskIndex::readCategoryTable@200 (line 692)
  0x000001d510a9934c: b062 27ff 

  0x000001d510a99350: ;   {other}
  0x000001d510a99350: 0f1f 8400 | 402f 0038 | 448b 5c24 | 344c 8bcd | 8b5c 2420 | 488b d0e9 | 8ce5 ffff | ba45 ffff 
  0x000001d510a99370: ff48 8b6c | 2460 4c8b | 5424 284c | 8954 2420 | 448b 5c24 | 3044 895c | 2428 448b | 5c24 4844 
  0x000001d510a99390: 895c 242c 

  0x000001d510a99394: ;   {runtime_call UncommonTrapBlob}
  0x000001d510a99394: c5f8 77e8 

  0x000001d510a99398: ; ImmutableOopMap {rbp=Oop [32]=Oop [88]=Oop [104]=Oop [112]=Oop }
                      ;*if_icmpge {reexecute=1 rethrow=0 return_oop=0}
                      ; - (reexecute) org.eclipse.jdt.internal.core.index.DiskIndex::readCategoryTable@304 (line 710)
  0x000001d510a99398: 64a6 25ff 

  0x000001d510a9939c: ;   {other}
  0x000001d510a9939c: 0f1f 8400 | 8c2f 0039 | ba45 ffff | ff48 8b6c | 2460 4c8b | 5424 284c | 8954 2420 | 448b 5424 
  0x000001d510a993bc: 3044 8954 | 2428 4c8b | 5424 584c | 8954 2430 | 448b 5424 | 4844 8954 | 242c 4c89 | 6c24 6090 
  0x000001d510a993dc: ;   {runtime_call UncommonTrapBlob}
  0x000001d510a993dc: c5f8 77e8 

  0x000001d510a993e0: ; ImmutableOopMap {rbp=Oop [32]=Oop [48]=Oop [96]=Oop [104]=Oop [112]=Oop }
                      ;*ifne {reexecute=1 rethrow=0 return_oop=0}
                      ; - (reexecute) org.eclipse.jdt.internal.core.index.DiskIndex::readStreamDocumentArray@5 (line 1009)
                      ; - org.eclipse.jdt.internal.core.index.DiskIndex::readCategoryTable@316 (line 711)
  0x000001d510a993e0: 1ca6 25ff 

  0x000001d510a993e4: ;   {other}
  0x000001d510a993e4: 0f1f 8400 | d42f 003a | 41ba 0100 | 0000 33d2 | e9d1 f9ff | ff41 b901 | 0000 0045 | 33d2 bae4 
  0x000001d510a99404: ffff ff48 | 8b6c 2460 | 4c8b 5c24 | 284c 895c | 2420 448b | 5c24 3044 | 895c 2428 | 4c8b 5c24 
  0x000001d510a99424: 584c 895c | 2430 448b | 4424 4844 | 8944 242c | 4889 4424 | f88b 8424 | 8000 0000 | 8944 2440 
  0x000001d510a99444: 488b 4424 | f84c 8b5c | 2468 4c89 | 5c24 504c | 8b5c 2470 | 4c89 5c24 | 6844 8b9c | 2484 0000 
  0x000001d510a99464: 0044 894c | 2478 4489 | 5c24 7c4c | 89ac 2480 | 0000 0044 | 8994 2488 | 0000 0089 | 8c24 8c00 
  0x000001d510a99484: 0000 6690 

  0x000001d510a99488: ;   {runtime_call UncommonTrapBlob}
  0x000001d510a99488: c5f8 77e8 

  0x000001d510a9948c: ; ImmutableOopMap {rbp=Oop [32]=Oop [48]=Oop [80]=Oop [104]=Oop [128]=Oop }
                      ;*iastore {reexecute=0 rethrow=0 return_oop=0}
                      ; - org.eclipse.jdt.internal.core.index.DiskIndex::readStreamDocumentArray@95 (line 1020)
                      ; - org.eclipse.jdt.internal.core.index.DiskIndex::readCategoryTable@316 (line 711)
  0x000001d510a9948c: 70a5 25ff 

  0x000001d510a99490: ;   {other}
  0x000001d510a99490: 0f1f 8400 | 8030 003b | 41ba 0100 | 0000 e994 | ecff ff48 | ff74 2460 | 488f 4424 | 204c 8b5c 
  0x000001d510a994b0: 2470 4c89 | 5c24 4044 | 8b5c 2448 | 4489 5c24 | 344c 894c | 2460 4c89 | 6c24 6844 | 8954 244c 
  0x000001d510a994d0: 8954 2474 | bae4 ffff | ff66 6690 

  0x000001d510a994dc: ;   {runtime_call UncommonTrapBlob}
  0x000001d510a994dc: c5f8 77e8 

  0x000001d510a994e0: ; ImmutableOopMap {rbp=NarrowOop [32]=Oop [40]=Oop [64]=Oop [88]=Oop [96]=Oop [104]=Oop }
                      ;*aaload {reexecute=0 rethrow=0 return_oop=0}
                      ; - org.eclipse.jdt.internal.compiler.util.HashtableOfObject::putUnsafely@35 (line 131)
                      ; - org.eclipse.jdt.internal.core.index.DiskIndex::readCategoryTable@319 (line 711)
  0x000001d510a994e0: 1ca5 25ff 

  0x000001d510a994e4: ;   {other}
  0x000001d510a994e4: 0f1f 8400 | d430 003c | ba45 ffff | ff48 8b6c | 2460 4c8b | 5424 284c | 8954 2420 | 448b 5c24 
  0x000001d510a99504: 3044 895c | 2428 4c8b | 5424 584c | 8954 2430 | 448b 5424 | 4844 8954 | 242c 4889 | 4424 f88b 
  0x000001d510a99524: 8424 8000 | 0000 8944 | 2440 488b | 4424 f84c | 8b54 2468 | 4c89 5424 | 504c 8b54 | 2470 4c89 
  0x000001d510a99544: 5424 6844 | 8b9c 2484 | 0000 004c | 896c 2470 | 4489 4c24 | 7c44 899c | 2480 0000 | 0066 6690 
  0x000001d510a99564: ;   {runtime_call UncommonTrapBlob}
  0x000001d510a99564: c5f8 77e8 

  0x000001d510a99568: ; ImmutableOopMap {rbp=Oop [32]=Oop [48]=Oop [80]=Oop [104]=Oop [112]=Oop }
                      ;*if_icmple {reexecute=1 rethrow=0 return_oop=0}
                      ; - (reexecute) org.eclipse.jdt.internal.core.index.DiskIndex::readStreamDocumentArray@60 (line 1017)
                      ; - org.eclipse.jdt.internal.core.index.DiskIndex::readCategoryTable@316 (line 711)
  0x000001d510a99568: 94a4 25ff 

  0x000001d510a9956c: ;   {other}
  0x000001d510a9956c: 0f1f 8400 | 5c31 003d | ba45 ffff | ff49 8beb | 4c8b 5424 | 284c 8954 | 2420 448b | 5c24 3044 
  0x000001d510a9958c: 895c 2428 | 4c8b 5424 | 584c 8954 | 2430 448b | 5424 4844 | 8954 242c | 4c8b 5424 | 684c 8954 
  0x000001d510a995ac: 2450 4c8b | 5424 704c | 8954 2468 | 4c89 6c24 | 7044 8944 | 2478 6690 

  0x000001d510a995c4: ;   {runtime_call UncommonTrapBlob}
  0x000001d510a995c4: c5f8 77e8 

  0x000001d510a995c8: ; ImmutableOopMap {rbp=Oop [32]=Oop [48]=Oop [80]=Oop [104]=Oop [112]=Oop }
                      ;*tableswitch {reexecute=1 rethrow=0 return_oop=0}
                      ; - (reexecute) org.eclipse.jdt.internal.core.index.DiskIndex::readStreamDocumentArray@17 (line 1012)
                      ; - org.eclipse.jdt.internal.core.index.DiskIndex::readCategoryTable@316 (line 711)
  0x000001d510a995c8: 34a4 25ff 

  0x000001d510a995cc: ;   {other}
  0x000001d510a995cc: 0f1f 8400 | bc31 003e | 41b9 0100 | 0000 33ff | e967 faff | ff41 b901 | 0000 0033 | ffba e4ff 
  0x000001d510a995ec: ffff 4c8b | 5424 604c | 8954 2420 | 4c8b 5424 | 584c 8954 | 2438 448b | 5c24 4844 | 895c 2434 
  0x000001d510a9960c: 4889 4424 | f88b 8424 | 8000 0000 | 8944 2448 | 488b 4424 | f848 ff74 | 2468 488f | 4424 5844 
  0x000001d510a9962c: 8b94 2484 | 0000 0044 | 8954 244c | 4489 8c24 | 8000 0000 | 898c 2484 | 0000 004c | 89ac 2488 
  0x000001d510a9964c: 0000 0089 | bc24 9000 | 0000 6690 

  0x000001d510a99658: ;   {runtime_call UncommonTrapBlob}
  0x000001d510a99658: c5f8 77e8 

  0x000001d510a9965c: ; ImmutableOopMap {[32]=Oop [40]=Oop [56]=Oop [88]=Oop [112]=Oop [136]=Oop }
                      ;*iastore {reexecute=0 rethrow=0 return_oop=0}
                      ; - org.eclipse.jdt.internal.core.index.DiskIndex::readStreamDocumentArray@212 (line 1034)
                      ; - org.eclipse.jdt.internal.core.index.DiskIndex::readCategoryTable@316 (line 711)
  0x000001d510a9965c: a0a3 25ff 

  0x000001d510a99660: ;   {other}
  0x000001d510a99660: 0f1f 8400 | 5032 003f | bf01 0000 | 00e9 bfef | ffff bae4 | ffff ff48 | 8b6c 2460 | 4c8b 5424 
  0x000001d510a99680: 284c 8954 | 2420 448b | 5c24 3044 | 895c 2428 | 4c8b 5424 | 584c 8954 | 2430 448b | 5424 4844 
  0x000001d510a996a0: 8954 242c | 4c89 4424 | 6044 894c | 2444 6690 

  0x000001d510a996b0: ;   {runtime_call UncommonTrapBlob}
  0x000001d510a996b0: c5f8 77e8 

  0x000001d510a996b4: ; ImmutableOopMap {rbp=Oop [32]=Oop [48]=Oop [96]=Oop [104]=Oop [112]=Oop }
                      ;*caload {reexecute=0 rethrow=0 return_oop=0}
                      ; - java.util.Arrays::hashCode@44
                      ; - org.eclipse.jdt.core.compiler.CharOperation::hashCode@1 (line 2489)
                      ; - org.eclipse.jdt.internal.compiler.util.HashtableOfObject::putUnsafely@7 (line 130)
                      ; - org.eclipse.jdt.internal.core.index.DiskIndex::readCategoryTable@294 (line 709)
  0x000001d510a996b4: 48a3 25ff 

  0x000001d510a996b8: ;   {other}
  0x000001d510a996b8: 0f1f 8400 | a832 0040 | 488b 4c24 | 6048 8944 | 24f8 8b44 | 2430 8944 | 2428 488b | 4424 f848 
  0x000001d510a996d8: 894c 2430 | 4c89 7424 | 3844 8954 | 242c 4489 | 5c24 4444 | 8944 2448 | 8954 244c | 4489 4c24 
  0x000001d510a996f8: 50ba e4ff | ffff 6690 

  0x000001d510a99700: ;   {runtime_call UncommonTrapBlob}
  0x000001d510a99700: c5f8 77e8 

  0x000001d510a99704: ; ImmutableOopMap {[48]=Oop [56]=Oop [72]=NarrowOop [80]=NarrowOop [96]=Oop }
                      ;*aaload {reexecute=0 rethrow=0 return_oop=0}
                      ; - org.eclipse.jdt.internal.compiler.util.HashtableOfIntValues::get@59 (line 83)
                      ; - org.eclipse.jdt.internal.core.index.DiskIndex::readCategoryTable@5 (line 660)
  0x000001d510a99704: f8a2 25ff 

  0x000001d510a99708: ;   {other}
  0x000001d510a99708: 0f1f 8400 | f832 0041 | 488b 4c24 | 6048 8944 | 24f8 8b44 | 2430 8944 | 2428 488b | 4424 f848 
  0x000001d510a99728: 894c 2430 | 4c89 7424 | 3844 8954 | 242c 4489 | 5c24 4444 | 8944 2448 | 8954 244c | 4489 4c24 
  0x000001d510a99748: 50ba e4ff | ffff 6690 

  0x000001d510a99750: ;   {runtime_call UncommonTrapBlob}
  0x000001d510a99750: c5f8 77e8 

  0x000001d510a99754: ; ImmutableOopMap {[48]=Oop [56]=Oop [72]=NarrowOop [80]=NarrowOop [96]=Oop }
                      ;*aaload {reexecute=0 rethrow=0 return_oop=0}
                      ; - org.eclipse.jdt.internal.compiler.util.HashtableOfIntValues::get@59 (line 83)
                      ; - org.eclipse.jdt.internal.core.index.DiskIndex::readCategoryTable@5 (line 660)
  0x000001d510a99754: a8a2 25ff 

  0x000001d510a99758: ;   {other}
  0x000001d510a99758: 0f1f 8400 | 4833 0042 | 4489 6c24 | 284c 8974 | 2420 488b 

  0x000001d510a9976c: ;   {metadata('org/eclipse/jdt/internal/compiler/util/HashtableOfObject')}
  0x000001d510a9976c: 6c24 6048 | ba88 b031 | 1dd5 0100 | 0066 6690 

  0x000001d510a9977c: ;   {runtime_call _new_instance_Java}
  0x000001d510a9977c: c5f8 77e8 

  0x000001d510a99780: ; ImmutableOopMap {rbp=Oop [32]=Oop [96]=Oop }
                      ;*new {reexecute=0 rethrow=0 return_oop=1}
                      ; - org.eclipse.jdt.internal.core.index.DiskIndex::readCategoryTable@26 (line 666)
  0x000001d510a99780: 7c61 27ff 

  0x000001d510a99784: ;   {other}
  0x000001d510a99784: 0f1f 8400 | 7433 0043 | 4c8b 7424 | 2044 8b6c | 2428 4c8b | c0e9 28da | ffff 4c89 | 4424 3844 
  0x000001d510a997a4: 896c 2428 | 4c89 7424 | 2048 8b6c 

  0x000001d510a997b0: ;   {metadata('java/lang/Object'[])}
  0x000001d510a997b0: 2460 48ba | 7012 001c | d501 0000 | 41b8 0500 | 0000 6690 

  0x000001d510a997c4: ;   {runtime_call _new_array_Java}
  0x000001d510a997c4: c5f8 77e8 

  0x000001d510a997c8: ; ImmutableOopMap {rbp=Oop [32]=Oop [56]=Oop [96]=Oop }
                      ;*anewarray {reexecute=0 rethrow=0 return_oop=1}
                      ; - org.eclipse.jdt.internal.compiler.util.HashtableOfObject::<init>@71 (line 57)
                      ; - org.eclipse.jdt.internal.core.index.DiskIndex::readCategoryTable@31 (line 666)
  0x000001d510a997c8: 345e 27ff 

  0x000001d510a997cc: ;   {other}
  0x000001d510a997cc: 0f1f 8400 | bc33 0044 | 4c8b 7424 | 2044 8b6c | 2428 4c8b | 4424 38e9 | b8da ffff | 4c89 4424 
  0x000001d510a997ec: 3844 896c | 2428 4c89 | 7424 2048 | 8b6c 2460 

  0x000001d510a997fc: ;   {metadata({type array char}[])}
  0x000001d510a997fc: 48ba 18b5 | 0d1d d501 | 0000 41b8 | 0500 0000 

  0x000001d510a9980c: ;   {runtime_call _new_array_Java}
  0x000001d510a9980c: c5f8 77e8 

  0x000001d510a99810: ; ImmutableOopMap {rbp=Oop [32]=Oop [56]=Oop [96]=Oop }
                      ;*anewarray {reexecute=0 rethrow=0 return_oop=1}
                      ; - org.eclipse.jdt.internal.compiler.util.HashtableOfObject::<init>@63 (line 56)
                      ; - org.eclipse.jdt.internal.core.index.DiskIndex::readCategoryTable@31 (line 666)
  0x000001d510a99810: ec5d 27ff 

  0x000001d510a99814: ;   {other}
  0x000001d510a99814: 0f1f 8400 | 0434 0045 | 4c8b 7424 | 2044 8b6c | 2428 4c8b | 4424 38e9 | f9d9 ffff | 4c8d 8424 
  0x000001d510a99834: b000 0000 

  0x000001d510a99838: ;   {runtime_call _complete_monitor_locking_Java}
  0x000001d510a99838: c5f8 77e8 

  0x000001d510a9983c: ; ImmutableOopMap {rbp=Oop [32]=Oop }
                      ;*synchronization entry
                      ; - org.eclipse.jdt.internal.core.index.DiskIndex::readCategoryTable@-1 (line 660)
  0x000001d510a9983c: 40ee 30ff 

  0x000001d510a99840: ;   {other}
  0x000001d510a99840: 0f1f 8400 | 3034 0046 | e929 d2ff | ffba 86ff | ffff 488b | 6c24 3844 | 8b54 2430 | 4489 5424 
  0x000001d510a99860: 2889 4424 | 2c66 6690 

  0x000001d510a99868: ;   {runtime_call UncommonTrapBlob}
  0x000001d510a99868: c5f8 77e8 

  0x000001d510a9986c: ; ImmutableOopMap {rbp=Oop [32]=Oop }
                      ;*irem {reexecute=0 rethrow=0 return_oop=0}
                      ; - org.eclipse.jdt.internal.compiler.util.HashtableOfIntValues::get@11 (line 80)
                      ; - org.eclipse.jdt.internal.core.index.DiskIndex::readCategoryTable@5 (line 660)
  0x000001d510a9986c: 90a1 25ff 

  0x000001d510a99870: ;   {other}
  0x000001d510a99870: 0f1f 8400 | 6034 0047 | bae4 ffff | ff4c 8974 | 2440 4489 | 6c24 3444 | 8954 2448 | 4489 4c24 
  0x000001d510a99890: 5044 8944 | 2454 6690 

  0x000001d510a99898: ;   {runtime_call UncommonTrapBlob}
  0x000001d510a99898: c5f8 77e8 

  0x000001d510a9989c: ; ImmutableOopMap {[64]=Oop [72]=NarrowOop [80]=NarrowOop [96]=Oop }
                      ;*aaload {reexecute=0 rethrow=0 return_oop=0}
                      ; - org.eclipse.jdt.internal.compiler.util.HashtableOfObject::get@47 (line 86)
                      ; - org.eclipse.jdt.internal.core.index.DiskIndex::readCategoryTable@45 (line 668)
  0x000001d510a9989c: 60a1 25ff 

  0x000001d510a998a0: ;   {other}
  0x000001d510a998a0: 0f1f 8400 | 9034 0048 | 4963 c8e9 | 53da ffff | ba27 0000 | 004c 8b54 | 2428 4c89 | 5424 2044 
  0x000001d510a998c0: 8b5c 2430 | 4489 5c24 | 2866 6690 

  0x000001d510a998cc: ;   {runtime_call UncommonTrapBlob}
  0x000001d510a998cc: c5f8 77e8 

  0x000001d510a998d0: ; ImmutableOopMap {[32]=Oop [96]=Oop [112]=Oop }
                      ;*new {reexecute=0 rethrow=0 return_oop=0}
                      ; - java.io.FileInputStream::<init>@45
                      ; - org.eclipse.jdt.internal.core.index.FileIndexLocation::getInputStream@8 (line 83)
                      ; - org.eclipse.jdt.internal.core.index.DiskIndex::readCategoryTable@149 (line 686)
  0x000001d510a998d0: 2ca1 25ff 

  0x000001d510a998d4: ;   {other}
  0x000001d510a998d4: 0f1f 8400 | c434 0049 | baf6 ffff | ff4c 8b54 | 2428 4c89 | 5424 2044 | 8b54 2430 | 4489 5424 
  0x000001d510a998f4: 2866 6690 

  0x000001d510a998f8: ;   {runtime_call UncommonTrapBlob}
  0x000001d510a998f8: c5f8 77e8 

  0x000001d510a998fc: ; ImmutableOopMap {[32]=Oop [96]=Oop }
                      ;*invokevirtual isInvalid {reexecute=0 rethrow=0 return_oop=0}
                      ; - java.io.FileInputStream::<init>@54
                      ; - org.eclipse.jdt.internal.core.index.FileIndexLocation::getInputStream@8 (line 83)
                      ; - org.eclipse.jdt.internal.core.index.DiskIndex::readCategoryTable@149 (line 686)
  0x000001d510a998fc: 00a1 25ff 

  0x000001d510a99900: ;   {other}
  0x000001d510a99900: 0f1f 8400 | f034 004a | ba45 ffff | ff4c 8b5c | 2470 4c89 | 5c24 5044 | 8b44 2458 | 4489 4424 
  0x000001d510a99920: 3444 8954 | 2458 897c | 245c 6690 

  0x000001d510a9992c: ;   {runtime_call UncommonTrapBlob}
  0x000001d510a9992c: c5f8 77e8 

  0x000001d510a99930: ; ImmutableOopMap {rbp=Oop [40]=Oop [80]=Oop [88]=NarrowOop [96]=Oop [112]=Oop }
                      ;*ifeq {reexecute=1 rethrow=0 return_oop=0}
                      ; - (reexecute) jdk.internal.misc.Blocker::begin@14
                      ; - java.io.FileInputStream::read@0
                      ; - org.eclipse.jdt.internal.core.index.DiskIndex::readCategoryTable@180 (line 689)
  0x000001d510a99930: cca0 25ff 

  0x000001d510a99934: ;   {other}
  0x000001d510a99934: 0f1f 8400 | 2435 004b | 4c63 d3e9 | e3de ffff | bae4 ffff | ff4c 8974 | 2440 4489 | 6c24 3444 
  0x000001d510a99954: 8954 2448 | 4489 4c24 | 5089 4c24 | 5466 6690 

  0x000001d510a99964: ;   {runtime_call UncommonTrapBlob}
  0x000001d510a99964: c5f8 77e8 

  0x000001d510a99968: ; ImmutableOopMap {[64]=Oop [72]=NarrowOop [80]=NarrowOop [96]=Oop }
                      ;*aaload {reexecute=0 rethrow=0 return_oop=0}
                      ; - org.eclipse.jdt.internal.compiler.util.HashtableOfObject::get@47 (line 86)
                      ; - org.eclipse.jdt.internal.core.index.DiskIndex::readCategoryTable@45 (line 668)
  0x000001d510a99968: 94a0 25ff 

  0x000001d510a9996c: ;   {other}
  0x000001d510a9996c: 0f1f 8400 | 5c35 004c | bade ffff | ff4c 8974 | 2428 4489 | 6c24 3490 

  0x000001d510a99984: ;   {runtime_call UncommonTrapBlob}
  0x000001d510a99984: c5f8 77e8 

  0x000001d510a99988: ; ImmutableOopMap {rbp=NarrowOop [40]=Oop [96]=Oop }
                      ;*invokevirtual getInputStream {reexecute=0 rethrow=0 return_oop=0}
                      ; - org.eclipse.jdt.internal.core.index.DiskIndex::readCategoryTable@149 (line 686)
  0x000001d510a99988: 74a0 25ff 

  0x000001d510a9998c: ;   {other}
  0x000001d510a9998c: 0f1f 8400 | 7c35 004d | ba2e 0000 | 004c 8b54 | 2428 4c89 | 5424 2044 | 8b5c 2430 | 4489 5c24 
  0x000001d510a999ac: 2866 6690 

  0x000001d510a999b0: ;   {runtime_call UncommonTrapBlob}
  0x000001d510a999b0: c5f8 77e8 

  0x000001d510a999b4: ; ImmutableOopMap {[32]=Oop [96]=Oop [112]=Oop }
                      ;*new {reexecute=0 rethrow=0 return_oop=0}
                      ; - java.io.FileInputStream::<init>@60
                      ; - org.eclipse.jdt.internal.core.index.FileIndexLocation::getInputStream@8 (line 83)
                      ; - org.eclipse.jdt.internal.core.index.DiskIndex::readCategoryTable@149 (line 686)
  0x000001d510a999b4: 48a0 25ff 

  0x000001d510a999b8: ;   {other}
  0x000001d510a999b8: 0f1f 8400 | a835 004e | ba1d 0000 | 004c 8b54 | 2428 4c89 | 5424 2044 | 8b44 2430 | 4489 4424 
  0x000001d510a999d8: 284c 894c | 2438 4489 | 5c24 4890 

  0x000001d510a999e4: ;   {runtime_call UncommonTrapBlob}
  0x000001d510a999e4: c5f8 77e8 

  0x000001d510a999e8: ; ImmutableOopMap {[32]=Oop [56]=Oop [96]=Oop [112]=Oop }
                      ;*new {reexecute=0 rethrow=0 return_oop=0}
                      ; - org.eclipse.jdt.internal.compiler.util.HashtableOfObject::<init>@8 (line 45)
                      ; - org.eclipse.jdt.internal.core.index.DiskIndex::readCategoryTable@200 (line 692)
  0x000001d510a999e8: 14a0 25ff 

  0x000001d510a999ec: ;   {other}
  0x000001d510a999ec: 0f1f 8400 | dc35 004f | ba86 ffff | ff48 8b6c | 2460 4c89 | 7424 2044 | 8b5c 2430 | 4489 5c24 
  0x000001d510a99a0c: 2844 896c | 242c 8944 | 2438 6690 

  0x000001d510a99a18: ;   {runtime_call UncommonTrapBlob}
  0x000001d510a99a18: c5f8 77e8 

  0x000001d510a99a1c: ; ImmutableOopMap {rbp=Oop [32]=Oop }
                      ;*irem {reexecute=0 rethrow=0 return_oop=0}
                      ; - org.eclipse.jdt.internal.compiler.util.HashtableOfObject::get@11 (line 84)
                      ; - org.eclipse.jdt.internal.core.index.DiskIndex::readCategoryTable@45 (line 668)
  0x000001d510a99a1c: e09f 25ff 

  0x000001d510a99a20: ;   {other}
  0x000001d510a99a20: 0f1f 8400 | 1036 0050 | baf6 ffff | ff4c 8b54 | 2428 4c89 | 5424 2048 | 8944 2448 

  0x000001d510a99a3c: ;   {runtime_call UncommonTrapBlob}
  0x000001d510a99a3c: c5f8 77e8 

  0x000001d510a99a40: ; ImmutableOopMap {[32]=Oop [56]=Oop [72]=Oop [96]=Oop [112]=Oop }
                      ;*invokevirtual put {reexecute=0 rethrow=0 return_oop=0}
                      ; - org.eclipse.jdt.internal.core.index.DiskIndex::readCategoryTable@403 (line 724)
  0x000001d510a99a40: bc9f 25ff 

  0x000001d510a99a44: ;   {other}
  0x000001d510a99a44: 0f1f 8400 | 3436 0051 | baf6 ffff | ff66 6690 

  0x000001d510a99a54: ;   {runtime_call UncommonTrapBlob}
  0x000001d510a99a54: c5f8 77e8 

  0x000001d510a99a58: ; ImmutableOopMap {[56]=Oop [96]=Oop }
                      ;*invokevirtual close {reexecute=0 rethrow=0 return_oop=0}
                      ; - org.eclipse.jdt.internal.core.index.DiskIndex::readCategoryTable@512 (line 732)
  0x000001d510a99a58: a49f 25ff 

  0x000001d510a99a5c: ;   {other}
  0x000001d510a99a5c: 0f1f 8400 | 4c36 0052 | 488b 4c24 | 6048 8d94 | 24b0 0000 | 004d 8bc7 | c5f8 7749 | ba40 d972 
  0x000001d510a99a7c: 45fd 7f00 | 0041 ffd2 

  0x000001d510a99a84: ;   {other}
  0x000001d510a99a84: 0f1f 8400 | 0000 0000 | e98e eeff | ff4c 8b54 | 2460 4c89 | 7424 284c | 8954 2438 | 8954 2434 
  0x000001d510a99aa4: bae4 ffff | ff66 6690 

  0x000001d510a99aac: ;   {runtime_call UncommonTrapBlob}
  0x000001d510a99aac: c5f8 77e8 

  0x000001d510a99ab0: ; ImmutableOopMap {rbp=NarrowOop [40]=Oop [56]=Oop [96]=Oop }
                      ;*iaload {reexecute=0 rethrow=0 return_oop=0}
                      ; - org.eclipse.jdt.internal.compiler.util.HashtableOfIntValues::get@42 (line 85)
                      ; - org.eclipse.jdt.internal.core.index.DiskIndex::readCategoryTable@5 (line 660)
  0x000001d510a99ab0: 4c9f 25ff 

  0x000001d510a99ab4: ;   {other}
  0x000001d510a99ab4: 0f1f 8400 | a436 0053 | ba45 ffff | ff4c 8b5c | 2470 4c89 | 5c24 5044 | 8b5c 2458 | 4489 5c24 
  0x000001d510a99ad4: 3444 8954 | 2458 897c | 245c 6690 

  0x000001d510a99ae0: ;   {runtime_call UncommonTrapBlob}
  0x000001d510a99ae0: c5f8 77e8 

  0x000001d510a99ae4: ; ImmutableOopMap {[40]=Oop [80]=Oop [88]=NarrowOop [96]=Oop [112]=Oop }
                      ;*if_icmplt {reexecute=1 rethrow=0 return_oop=0}
                      ; - (reexecute) jdk.internal.misc.VM::isBooted@4
                      ; - jdk.internal.misc.Blocker::begin@0
                      ; - java.io.FileInputStream::read@0
                      ; - org.eclipse.jdt.internal.core.index.DiskIndex::readCategoryTable@180 (line 689)
  0x000001d510a99ae4: 189f 25ff 

  0x000001d510a99ae8: ;   {other}
  0x000001d510a99ae8: 0f1f 8400 | d836 0054 | bae4 ffff | ff48 8b6c | 2460 4c8b | 5c24 284c | 895c 2420 | 448b 4424 
  0x000001d510a99b08: 3044 8944 | 2428 4c8b | 5c24 584c | 895c 2430 | 448b 5c24 | 4844 895c | 242c 4c89 | 6c24 6044 
  0x000001d510a99b28: 8954 2444 

  0x000001d510a99b2c: ;   {runtime_call UncommonTrapBlob}
  0x000001d510a99b2c: c5f8 77e8 

  0x000001d510a99b30: ; ImmutableOopMap {rbp=Oop [32]=Oop [48]=Oop [96]=Oop [104]=Oop [112]=Oop }
                      ;*caload {reexecute=0 rethrow=0 return_oop=0}
                      ; - java.util.Arrays::hashCode@44
                      ; - org.eclipse.jdt.core.compiler.CharOperation::hashCode@1 (line 2489)
                      ; - org.eclipse.jdt.internal.compiler.util.HashtableOfObject::putUnsafely@7 (line 130)
                      ; - org.eclipse.jdt.internal.core.index.DiskIndex::readCategoryTable@319 (line 711)
  0x000001d510a99b30: cc9e 25ff 

  0x000001d510a99b34: ;   {other}
  0x000001d510a99b34: 0f1f 8400 | 2437 0055 | 498b cb48 | 8d94 24b0 | 0000 004d | 8bc7 c5f8 | 7749 ba40 | d972 45fd 
  0x000001d510a99b54: 7f00 0041 

  0x000001d510a99b58: ;   {other}
  0x000001d510a99b58: ffd2 0f1f | 8400 0000 | 0000 e9c9 | eeff ffba | 6100 0000 | 4c8b 5424 | 284c 8954 | 2420 448b 
  0x000001d510a99b78: 5424 3044 | 8954 2428 | 4c89 4c24 | 4844 895c | 2450 6690 

  0x000001d510a99b8c: ;   {runtime_call UncommonTrapBlob}
  0x000001d510a99b8c: c5f8 77e8 

  0x000001d510a99b90: ; ImmutableOopMap {[32]=Oop [72]=Oop [96]=Oop [112]=Oop }
                      ;*new {reexecute=0 rethrow=0 return_oop=0}
                      ; - org.eclipse.jdt.internal.compiler.util.HashtableOfObject::calculateNewSize@75 (line 185)
                      ; - org.eclipse.jdt.internal.compiler.util.HashtableOfObject::<init>@57 (line 54)
                      ; - org.eclipse.jdt.internal.core.index.DiskIndex::readCategoryTable@200 (line 692)
  0x000001d510a99b90: 6c9e 25ff 

  0x000001d510a99b94: ;   {other}
  0x000001d510a99b94: 0f1f 8400 | 8437 0056 | bae4 ffff | ff4c 8974 | 2428 4489 | 6c24 3444 | 8944 2440 

  0x000001d510a99bb0: ;   {runtime_call UncommonTrapBlob}
  0x000001d510a99bb0: c5f8 77e8 

  0x000001d510a99bb4: ; ImmutableOopMap {rbp=NarrowOop [40]=Oop [96]=Oop }
                      ;*aaload {reexecute=0 rethrow=0 return_oop=0}
                      ; - org.eclipse.jdt.internal.compiler.util.HashtableOfObject::get@30 (line 88)
                      ; - org.eclipse.jdt.internal.core.index.DiskIndex::readCategoryTable@45 (line 668)
  0x000001d510a99bb4: 489e 25ff 

  0x000001d510a99bb8: ;   {other}
  0x000001d510a99bb8: 0f1f 8400 | a837 0057 | 488b 4c24 | 6048 8d94 | 24b0 0000 | 004d 8bc7 | c5f8 7749 | ba40 d972 
  0x000001d510a99bd8: 45fd 7f00 | 0041 ffd2 

  0x000001d510a99be0: ;   {other}
  0x000001d510a99be0: 0f1f 8400 | 0000 0000 | e9a7 efff | ffba e4ff | ffff 48ff | 7424 6048 | 8f44 2420 | 4c89 7424 
  0x000001d510a99c00: 404c 8974 | 2448 4489 | 6c24 3444 | 8954 2450 

  0x000001d510a99c10: ;   {runtime_call UncommonTrapBlob}
  0x000001d510a99c10: c5f8 77e8 

  0x000001d510a99c14: ; ImmutableOopMap {[32]=Oop [64]=Oop [72]=Oop [80]=NarrowOop }
                      ;*caload {reexecute=0 rethrow=0 return_oop=0}
                      ; - java.util.Arrays::hashCode@44
                      ; - org.eclipse.jdt.core.compiler.CharOperation::hashCode@1 (line 2489)
                      ; - org.eclipse.jdt.internal.compiler.util.HashtableOfObject::get@7 (line 84)
                      ; - org.eclipse.jdt.internal.core.index.DiskIndex::readCategoryTable@45 (line 668)
  0x000001d510a99c14: e89d 25ff 

  0x000001d510a99c18: ;   {other}
  0x000001d510a99c18: 0f1f 8400 | 0838 0058 | ba76 ffff | ff48 895c | 2428 4489 | 5c24 3044 | 8944 2438 

  0x000001d510a99c34: ;   {runtime_call UncommonTrapBlob}
  0x000001d510a99c34: c5f8 77e8 

  0x000001d510a99c38: ; ImmutableOopMap {[40]=Oop [48]=NarrowOop [96]=Oop }
                      ;*if_icmplt {reexecute=1 rethrow=0 return_oop=0}
                      ; - (reexecute) org.eclipse.jdt.internal.core.index.DiskIndex::readCategoryTable@112 (line 672)
  0x000001d510a99c38: c49d 25ff 

  0x000001d510a99c3c: ;   {other}
  0x000001d510a99c3c: 0f1f 8400 | 2c38 0059 | bade ffff | ff4c 8974 | 2428 4489 | 6c24 3490 

  0x000001d510a99c54: ;   {runtime_call UncommonTrapBlob}
  0x000001d510a99c54: c5f8 77e8 

  0x000001d510a99c58: ; ImmutableOopMap {rbp=NarrowOop [40]=Oop [96]=Oop }
                      ;*checkcast {reexecute=0 rethrow=0 return_oop=0}
                      ; - org.eclipse.jdt.internal.core.index.DiskIndex::readCategoryTable@48 (line 668)
  0x000001d510a99c58: a49d 25ff 

  0x000001d510a99c5c: ;   {other}
  0x000001d510a99c5c: 0f1f 8400 | 4c38 005a | baf6 ffff | ff4c 8b54 | 2458 4c89 | 5424 3844 | 8b5c 2448 | 4489 5c24 
  0x000001d510a99c7c: 3448 895c | 2450 4489 | 4c24 5890 

  0x000001d510a99c88: ;   {runtime_call UncommonTrapBlob}
  0x000001d510a99c88: c5f8 77e8 

  0x000001d510a99c8c: ; ImmutableOopMap {[40]=Oop [56]=Oop [80]=Oop [104]=Oop [112]=Oop }
                      ;*baload {reexecute=0 rethrow=0 return_oop=0}
                      ; - org.eclipse.jdt.internal.core.index.DiskIndex::readStreamInt@33 (line 1052)
                      ; - org.eclipse.jdt.internal.core.index.DiskIndex::readCategoryTable@271 (line 703)
  0x000001d510a99c8c: 709d 25ff 

  0x000001d510a99c90: ;   {other}
  0x000001d510a99c90: 0f1f 8400 | 8038 005b | baf6 ffff | ff48 8b6c | 2460 4c8b | 5424 284c | 8954 2420 | 448b 5c24 
  0x000001d510a99cb0: 3044 895c | 2428 448b | 5424 4844 | 8954 242c 

  0x000001d510a99cc0: ;   {runtime_call UncommonTrapBlob}
  0x000001d510a99cc0: c5f8 77e8 

  0x000001d510a99cc4: ; ImmutableOopMap {rbp=Oop [32]=Oop [88]=Oop [112]=Oop }
                      ;*arraylength {reexecute=0 rethrow=0 return_oop=0}
                      ; - org.eclipse.jdt.internal.compiler.util.HashtableOfObject::putUnsafely@4 (line 129)
                      ; - org.eclipse.jdt.internal.core.index.DiskIndex::readCategoryTable@294 (line 709)
  0x000001d510a99cc4: 389d 25ff 

  0x000001d510a99cc8: ;   {other}
  0x000001d510a99cc8: 0f1f 8400 | b838 005c | 488b 6c24 | 604c 8b54 | 2428 4c89 | 5424 2044 | 8b54 2430 | 4489 5424 
  0x000001d510a99ce8: 2844 8b54 | 2448 4489 | 5424 2c89 | 5424 444c | 8944 2450 | baf6 ffff | ff66 6690 

  0x000001d510a99d04: ;   {runtime_call UncommonTrapBlob}
  0x000001d510a99d04: c5f8 77e8 

  0x000001d510a99d08: ; ImmutableOopMap {rbp=Oop [32]=Oop [80]=Oop [88]=Oop [112]=Oop }
                      ;*aastore {reexecute=1 rethrow=0 return_oop=0}
                      ; - (reexecute) org.eclipse.jdt.internal.compiler.util.HashtableOfObject::putUnsafely@54 (line 137)
                      ; - org.eclipse.jdt.internal.core.index.DiskIndex::readCategoryTable@294 (line 709)
  0x000001d510a99d08: f49c 25ff 

  0x000001d510a99d0c: ;   {other}
  0x000001d510a99d0c: 0f1f 8400 | fc38 005d | ba45 ffff | ff48 8b6c | 2460 4c8b | 5424 284c | 8954 2420 | 448b 5c24 
  0x000001d510a99d2c: 3044 895c | 2428 4c8b | 5424 584c | 8954 2430 | 4c8b 5424 | 704c 8954 | 2438 448b | 5c24 4844 
  0x000001d510a99d4c: 895c 242c | 4c89 4424 | 6044 894c | 2444 6690 

  0x000001d510a99d5c: ;   {runtime_call UncommonTrapBlob}
  0x000001d510a99d5c: c5f8 77e8 

  0x000001d510a99d60: ; ImmutableOopMap {rbp=Oop [32]=Oop [48]=Oop [56]=Oop [96]=Oop [104]=Oop }
                      ;*ifnonnull {reexecute=1 rethrow=0 return_oop=0}
                      ; - (reexecute) java.util.Arrays::hashCode@1
                      ; - org.eclipse.jdt.core.compiler.CharOperation::hashCode@1 (line 2489)
                      ; - org.eclipse.jdt.internal.compiler.util.HashtableOfObject::putUnsafely@7 (line 130)
                      ; - org.eclipse.jdt.internal.core.index.DiskIndex::readCategoryTable@294 (line 709)
  0x000001d510a99d60: 9c9c 25ff 

  0x000001d510a99d64: ;   {other}
  0x000001d510a99d64: 0f1f 8400 | 5439 005e | baf6 ffff | ff48 8b6c | 2460 4c8b | 5424 284c | 8954 2420 | 448b 5c24 
  0x000001d510a99d84: 3044 895c | 2428 448b | 5424 4844 | 8954 242c 

  0x000001d510a99d94: ;   {runtime_call UncommonTrapBlob}
  0x000001d510a99d94: c5f8 77e8 

  0x000001d510a99d98: ; ImmutableOopMap {rbp=Oop [32]=Oop [88]=Oop [112]=Oop }
                      ;*arraylength {reexecute=0 rethrow=0 return_oop=0}
                      ; - org.eclipse.jdt.internal.compiler.util.HashtableOfObject::putUnsafely@4 (line 129)
                      ; - org.eclipse.jdt.internal.core.index.DiskIndex::readCategoryTable@319 (line 711)
  0x000001d510a99d98: 649c 25ff 

  0x000001d510a99d9c: ;   {other}
  0x000001d510a99d9c: 0f1f 8400 | 8c39 005f | 488b 6c24 | 604c 8b54 | 2428 4c89 | 5424 2044 | 8b54 2430 | 4489 5424 
  0x000001d510a99dbc: 2844 8b5c | 2448 4489 | 5c24 2c89 | 5424 444c | 896c 2450 | baf6 ffff | ff66 6690 

  0x000001d510a99dd8: ;   {runtime_call UncommonTrapBlob}
  0x000001d510a99dd8: c5f8 77e8 

  0x000001d510a99ddc: ; ImmutableOopMap {rbp=Oop [32]=Oop [80]=Oop [88]=Oop [112]=Oop }
                      ;*aastore {reexecute=1 rethrow=0 return_oop=0}
                      ; - (reexecute) org.eclipse.jdt.internal.compiler.util.HashtableOfObject::putUnsafely@54 (line 137)
                      ; - org.eclipse.jdt.internal.core.index.DiskIndex::readCategoryTable@319 (line 711)
  0x000001d510a99ddc: 209c 25ff 

  0x000001d510a99de0: ;   {other}
  0x000001d510a99de0: 0f1f 8400 | d039 0060 | ba45 ffff | ff48 8b6c | 2460 4c8b | 5c24 284c | 895c 2420 | 448b 4424 
  0x000001d510a99e00: 3044 8944 | 2428 4c8b | 5c24 584c | 895c 2430 | 4c8b 5c24 | 704c 895c | 2438 448b | 5c24 4844 
  0x000001d510a99e20: 895c 242c | 4c89 6c24 | 6044 8954 | 2444 6690 

  0x000001d510a99e30: ;   {runtime_call UncommonTrapBlob}
  0x000001d510a99e30: c5f8 77e8 

  0x000001d510a99e34: ; ImmutableOopMap {rbp=Oop [32]=Oop [48]=Oop [56]=Oop [96]=Oop [104]=Oop }
                      ;*ifnonnull {reexecute=1 rethrow=0 return_oop=0}
                      ; - (reexecute) java.util.Arrays::hashCode@1
                      ; - org.eclipse.jdt.core.compiler.CharOperation::hashCode@1 (line 2489)
                      ; - org.eclipse.jdt.internal.compiler.util.HashtableOfObject::putUnsafely@7 (line 130)
                      ; - org.eclipse.jdt.internal.core.index.DiskIndex::readCategoryTable@319 (line 711)
  0x000001d510a99e34: c89b 25ff 

  0x000001d510a99e38: ;   {other}
  0x000001d510a99e38: 0f1f 8400 | 283a 0061 | baf6 ffff | ff44 8b54 | 2430 4489 | 5424 2890 

  0x000001d510a99e50: ;   {runtime_call UncommonTrapBlob}
  0x000001d510a99e50: c5f8 77e8 

  0x000001d510a99e54: ; ImmutableOopMap {rbp=Oop [32]=Oop }
                      ;*invokevirtual get {reexecute=0 rethrow=0 return_oop=0}
                      ; - org.eclipse.jdt.internal.core.index.DiskIndex::readCategoryTable@5 (line 660)
  0x000001d510a99e54: a89b 25ff 

  0x000001d510a99e58: ;   {other}
  0x000001d510a99e58: 0f1f 8400 | 483a 0062 | baf6 ffff | ff44 8b54 | 2430 4489 | 5424 2890 

  0x000001d510a99e70: ;   {runtime_call UncommonTrapBlob}
  0x000001d510a99e70: c5f8 77e8 

  0x000001d510a99e74: ; ImmutableOopMap {rbp=Oop [32]=Oop }
                      ;*arraylength {reexecute=0 rethrow=0 return_oop=0}
                      ; - org.eclipse.jdt.internal.compiler.util.HashtableOfIntValues::get@4 (line 79)
                      ; - org.eclipse.jdt.internal.core.index.DiskIndex::readCategoryTable@5 (line 660)
  0x000001d510a99e74: 889b 25ff 

  0x000001d510a99e78: ;   {other}
  0x000001d510a99e78: 0f1f 8400 | 683a 0063 | baf6 ffff | ff48 8b6c | 2438 448b | 5424 3044 | 8954 2428 

  0x000001d510a99e94: ;   {runtime_call UncommonTrapBlob}
  0x000001d510a99e94: c5f8 77e8 

  0x000001d510a99e98: ; ImmutableOopMap {rbp=Oop [32]=Oop }
                      ;*arraylength {reexecute=0 rethrow=0 return_oop=0}
                      ; - org.eclipse.jdt.internal.compiler.util.HashtableOfIntValues::get@14 (line 81)
                      ; - org.eclipse.jdt.internal.core.index.DiskIndex::readCategoryTable@5 (line 660)
  0x000001d510a99e98: 649b 25ff 

  0x000001d510a99e9c: ;   {other}
  0x000001d510a99e9c: 0f1f 8400 | 8c3a 0064 | 4c8b 4424 | 3848 8944 | 24f8 8b44 | 2430 8944 | 2428 488b | 4424 f84c 
  0x000001d510a99ebc: 8944 2430 | 8954 2440 | 4489 5c24 | 4444 894c | 2448 ba76 | ffff ff90 

  0x000001d510a99ed4: ;   {runtime_call UncommonTrapBlob}
  0x000001d510a99ed4: c5f8 77e8 

  0x000001d510a99ed8: ; ImmutableOopMap {[32]=Oop [48]=Oop [72]=NarrowOop [96]=Oop }
                      ;*aload_0 {reexecute=0 rethrow=0 return_oop=0}
                      ; - org.eclipse.jdt.internal.compiler.util.HashtableOfIntValues::get@54 (line 83)
                      ; - org.eclipse.jdt.internal.core.index.DiskIndex::readCategoryTable@5 (line 660)
  0x000001d510a99ed8: 249b 25ff 

  0x000001d510a99edc: ;   {other}
  0x000001d510a99edc: 0f1f 8400 | cc3a 0065 | baf6 ffff | ff4c 8974 | 2420 448b | 5424 3044 | 8954 2428 | 4489 6c24 
  0x000001d510a99efc: 2c66 6690 

  0x000001d510a99f00: ;   {runtime_call UncommonTrapBlob}
  0x000001d510a99f00: c5f8 77e8 

  0x000001d510a99f04: ; ImmutableOopMap {[32]=Oop [96]=Oop }
                      ;*invokevirtual getInputStream {reexecute=0 rethrow=0 return_oop=0}
                      ; - org.eclipse.jdt.internal.core.index.DiskIndex::readCategoryTable@149 (line 686)
  0x000001d510a99f04: f89a 25ff 

  0x000001d510a99f08: ;   {other}
  0x000001d510a99f08: 0f1f 8400 | f83a 0066 | baf6 ffff | ff4c 8b54 | 2428 4c89 | 5424 2044 | 8b54 2430 | 4489 5424 
  0x000001d510a99f28: 284c 8b54 | 2470 4c89 | 5424 4090 

  0x000001d510a99f34: ;   {runtime_call UncommonTrapBlob}
  0x000001d510a99f34: c5f8 77e8 

  0x000001d510a99f38: ; ImmutableOopMap {[32]=Oop [64]=Oop [96]=Oop [112]=Oop }
                      ;*arraylength {reexecute=0 rethrow=0 return_oop=0}
                      ; - org.eclipse.jdt.internal.core.index.DiskIndex::readCategoryTable@179 (line 689)
  0x000001d510a99f38: c49a 25ff 

  0x000001d510a99f3c: ;   {other}
  0x000001d510a99f3c: 0f1f 8400 | 2c3b 0067 | baf6 ffff | ff48 8b6c | 2460 4c89 | 7424 2044 | 8b5c 2430 | 4489 5c24 
  0x000001d510a99f5c: 2844 896c | 242c 6690 

  0x000001d510a99f64: ;   {runtime_call UncommonTrapBlob}
  0x000001d510a99f64: c5f8 77e8 

  0x000001d510a99f68: ; ImmutableOopMap {rbp=Oop [32]=Oop }
                      ;*arraylength {reexecute=0 rethrow=0 return_oop=0}
                      ; - org.eclipse.jdt.internal.compiler.util.HashtableOfObject::get@4 (line 83)
                      ; - org.eclipse.jdt.internal.core.index.DiskIndex::readCategoryTable@45 (line 668)
  0x000001d510a99f68: 949a 25ff 

  0x000001d510a99f6c: ;   {other}
  0x000001d510a99f6c: 0f1f 8400 | 5c3b 0068 | 488b 6c24 | 604c 8974 | 2420 448b | 5c24 3044 | 895c 2428 | 8954 242c 
  0x000001d510a99f8c: baf6 ffff | ff66 6690 

  0x000001d510a99f94: ;   {runtime_call UncommonTrapBlob}
  0x000001d510a99f94: c5f8 77e8 

  0x000001d510a99f98: ; ImmutableOopMap {rbp=Oop [32]=Oop }
                      ;*iaload {reexecute=0 rethrow=0 return_oop=0}
                      ; - org.eclipse.jdt.internal.compiler.util.HashtableOfIntValues::get@42 (line 85)
                      ; - org.eclipse.jdt.internal.core.index.DiskIndex::readCategoryTable@5 (line 660)
  0x000001d510a99f98: 649a 25ff 

  0x000001d510a99f9c: ;   {other}
  0x000001d510a99f9c: 0f1f 8400 | 8c3b 0069 | baf6 ffff | ff4c 8974 | 2420 448b | 5c24 3044 | 895c 2428 | 4489 6c24 
  0x000001d510a99fbc: 2c44 8944 | 2438 6690 

  0x000001d510a99fc4: ;   {runtime_call UncommonTrapBlob}
  0x000001d510a99fc4: c5f8 77e8 

  0x000001d510a99fc8: ; ImmutableOopMap {[32]=Oop [96]=Oop }
                      ;*aaload {reexecute=0 rethrow=0 return_oop=0}
                      ; - org.eclipse.jdt.internal.compiler.util.HashtableOfObject::get@30 (line 88)
                      ; - org.eclipse.jdt.internal.core.index.DiskIndex::readCategoryTable@45 (line 668)
  0x000001d510a99fc8: 349a 25ff 

  0x000001d510a99fcc: ;   {other}
  0x000001d510a99fcc: 0f1f 8400 | bc3b 006a | baf6 ffff | ff48 895c | 2428 6690 

  0x000001d510a99fe0: ;   {runtime_call UncommonTrapBlob}
  0x000001d510a99fe0: c5f8 77e8 

  0x000001d510a99fe4: ; ImmutableOopMap {[40]=Oop [96]=Oop }
                      ;*arraylength {reexecute=0 rethrow=0 return_oop=0}
                      ; - org.eclipse.jdt.internal.core.index.DiskIndex::readCategoryTable@74 (line 672)
  0x000001d510a99fe4: 189a 25ff 

  0x000001d510a99fe8: ;   {other}
  0x000001d510a99fe8: 0f1f 8400 | d83b 006b | e9ac 0200 | 004c 8bc0 | e919 0300 | 0044 8b50 | 0849 bb00 | 0000 1cd5 
  0x000001d510a9a008: 0100 004d | 03da 4d8b 

  0x000001d510a9a010: ;   {metadata('java/io/IOException')}
  0x000001d510a9a010: 5348 49bb | c050 041d | d501 0000 | 4d3b d375 | d44c 8bc0 | e9e4 0200 | 0048 8bd8 | e908 0300 
  0x000001d510a9a030: 00eb 0048 | 8bd8 4889 | 6c24 60e9 | f902 0000 | 448b 5008 | 49bb 0000 | 001c d501 | 0000 4d03 
  0x000001d510a9a050: daeb 1144 | 8b50 0849 | bb00 0000 | 1cd5 0100 | 004d 03da | 4d8b 5350 

  0x000001d510a9a068: ;   {metadata('java/lang/NegativeArraySizeException')}
  0x000001d510a9a068: 49bb 5810 | 1e1d d501 | 0000 4d3b | d375 5548 | 8be8 eb10 | 448b 5008 

  0x000001d510a9a080: ;   {metadata('java/lang/NegativeArraySizeException')}
  0x000001d510a9a080: 4181 fa58 | 101e 0175 | 5b48 8be8 | 4c8b 5424 | 6045 8b5a | 3449 8bd3 

  0x000001d510a9a098: ;   {static_call}
  0x000001d510a9a098: c5f8 77e8 

  0x000001d510a9a09c: ; ImmutableOopMap {rbp=Oop [96]=Oop [112]=Oop }
                      ;*invokestatic valueOf {reexecute=0 rethrow=0 return_oop=1}
                      ; - org.eclipse.jdt.internal.core.index.DiskIndex::readCategoryTable@214 (line 694)
  0x000001d510a9a09c: e04c 25ff 

  0x000001d510a9a0a0: ;   {other}
  0x000001d510a9a0a0: 0f1f 8400 | 903c 006c | baad ffff | ff44 8b5c | 2434 4489 | 5c24 3048 | 8944 2440 

  0x000001d510a9a0bc: ;   {runtime_call UncommonTrapBlob}
  0x000001d510a9a0bc: c5f8 77e8 

  0x000001d510a9a0c0: ; ImmutableOopMap {rbp=Oop [64]=Oop [96]=Oop [112]=Oop }
                      ;*invokedynamic {reexecute=0 rethrow=0 return_oop=0}
                      ; - org.eclipse.jdt.internal.core.index.DiskIndex::readCategoryTable@220 (line 694)
  0x000001d510a9a0c0: 3c99 25ff 

  0x000001d510a9a0c4: ;   {other}
  0x000001d510a9a0c4: 0f1f 8400 | b43c 006d 

  0x000001d510a9a0cc: ;   {metadata('java/lang/OutOfMemoryError')}
  0x000001d510a9a0cc: 49bb 2836 | 021c d501 | 0000 4d3b | d30f 85c2 | 0100 0048 | 8be8 eba8 

  0x000001d510a9a0e4: ;   {metadata('java/lang/OutOfMemoryError')}
  0x000001d510a9a0e4: 4181 fa28 | 3602 000f | 85b0 0100 | 0048 8be8 | eb96 e9a6 | 0100 00e9 | a101 0000 | 4c8b d0e9 
  0x000001d510a9a104: a501 0000 | 4c8b d0e9 | 9d01 0000 | 4c8b d0e9 | 9501 0000 | 4c8b d0e9 | 8d01 0000 | 488b d8e9 
  0x000001d510a9a124: 1102 0000 | 488b d8e9 | 0902 0000 | 4889 4424 | 2848 8b6c | 2458 e98e | 0100 004c | 8b44 2428 
  0x000001d510a9a144: 4c3b c00f | 849c 0100 | 0048 ff74 | 2428 488f | 4424 2048 | 8b54 2428 | 4c8b c090 

  0x000001d510a9a160: ;   {optimized virtual_call}
  0x000001d510a9a160: c5f8 77e8 

  0x000001d510a9a164: ; ImmutableOopMap {rbp=Oop [32]=Oop [96]=Oop }
                      ;*invokevirtual addSuppressed {reexecute=0 rethrow=0 return_oop=0}
                      ; - org.eclipse.jdt.internal.core.index.DiskIndex::readCategoryTable@480 (line 728)
  0x000001d510a9a164: 1846 25ff 

  0x000001d510a9a168: ;   {other}
  0x000001d510a9a168: 0f1f 8400 | 583d 006e | 4c8b 4424 | 20e9 6f01 | 0000 4889 | 4424 2848 | 8b6c 2420 | e944 0100 
  0x000001d510a9a188: 0048 8944 | 2428 488b | 6c24 38e9 | 3501 0000 | 4c8b d0e9 | 0d01 0000 | 4c8b d0e9 | 0501 0000 
  0x000001d510a9a1a8: 4889 4424 | 2848 8b6c | 2438 e916 | 0100 0048 | 8944 2428 | 488b 6c24 | 38e9 0701 | 0000 4889 
  0x000001d510a9a1c8: 4424 3848 | c7c2 ffff | ffff 488b | 6c24 2844 | 8b54 2430 | 4489 5424 | 2066 6690 

  0x000001d510a9a1e4: ;   {static_call}
  0x000001d510a9a1e4: c5f8 77e8 

  0x000001d510a9a1e8: ; ImmutableOopMap {rbp=Oop [56]=Oop [96]=Oop [112]=Oop }
                      ;*invokestatic end {reexecute=0 rethrow=0 return_oop=0}
                      ; - java.io.FileInputStream::read@26
                      ; - org.eclipse.jdt.internal.core.index.DiskIndex::readCategoryTable@180 (line 689)
  0x000001d510a9a1e8: 944b 25ff 

  0x000001d510a9a1ec: ;   {other}
  0x000001d510a9a1ec: 0f1f 8400 | dc3d 006f | 488b 4424 | 38e9 a300 | 0000 e99e | 0000 004c | 8bd0 e9a2 | 0000 0048 
  0x000001d510a9a20c: 8944 2448 | 488b 6c24 | 2844 8b5c | 2430 4489 | 5c24 204c | 8b54 2470 | 4c89 5424 | 3048 8b54 
  0x000001d510a9a22c: 2440 6690 

  0x000001d510a9a230: ;   {static_call}
  0x000001d510a9a230: c5f8 77e8 

  0x000001d510a9a234: ; ImmutableOopMap {rbp=Oop [48]=Oop [72]=Oop [96]=Oop [112]=Oop }
                      ;*invokestatic end {reexecute=0 rethrow=0 return_oop=0}
                      ; - java.io.FileInputStream::open@19
                      ; - java.io.FileInputStream::<init>@96
                      ; - org.eclipse.jdt.internal.core.index.FileIndexLocation::getInputStream@8 (line 83)
                      ; - org.eclipse.jdt.internal.core.index.DiskIndex::readCategoryTable@149 (line 686)
  0x000001d510a9a234: 484b 25ff 

  0x000001d510a9a238: ;   {other}
  0x000001d510a9a238: 0f1f 8400 | 283e 0070 | 4c8b 5424 | 48eb 664c | 8bd0 eb61 | 4c8b d0eb | 5c4c 8bd0 | eb57 4c8b 
  0x000001d510a9a258: d0eb 5248 | 8bd8 e9d6 | 0000 0048 | 8944 2428 | 488b 6c24 | 20eb 5eeb | 30eb 2e48 | 8944 2440 
  0x000001d510a9a278: 488b 6c24 | 2844 8b5c | 2430 4489 | 5c24 2048 | 8b54 2438 

  0x000001d510a9a28c: ;   {static_call}
  0x000001d510a9a28c: c5f8 77e8 

  0x000001d510a9a290: ; ImmutableOopMap {rbp=Oop [64]=Oop [96]=Oop [112]=Oop }
                      ;*invokestatic end {reexecute=0 rethrow=0 return_oop=0}
                      ; - java.io.FileInputStream::skip@21
                      ; - org.eclipse.jdt.internal.core.index.DiskIndex::readCategoryTable@158 (line 687)
  0x000001d510a9a290: ec4a 25ff 

  0x000001d510a9a294: ;   {other}
  0x000001d510a9a294: 0f1f 8400 | 843e 0071 | 488b 4424 | 4048 8944 | 2428 33ed | eb23 4c8b | d048 8b6c | 2438 4d8b 
  0x000001d510a9a2b4: c2eb 3248 | 8944 2428 | 488b 6c24 | 58eb 0a48 | 8944 2428 | 488b 6c24 | 5848 8b54 | 2470 6690 
  0x000001d510a9a2d4: ;   {optimized virtual_call}
  0x000001d510a9a2d4: c5f8 77e8 

  0x000001d510a9a2d8: ; ImmutableOopMap {rbp=Oop [40]=Oop [96]=Oop }
                      ;*invokevirtual close {reexecute=0 rethrow=0 return_oop=0}
                      ; - org.eclipse.jdt.internal.core.index.DiskIndex::readCategoryTable@449 (line 728)
  0x000001d510a9a2d8: a444 25ff 

  0x000001d510a9a2dc: ;   {other}
  0x000001d510a9a2dc: 0f1f 8400 | cc3e 0072 | 4c8b 4424 | 2845 8b58 | 0849 ba00 | 0000 1cd5 | 0100 004d | 03d3 4d8b 
  0x000001d510a9a2fc: ;   {metadata('java/io/IOException')}
  0x000001d510a9a2fc: 5248 49bb | c050 041d | d501 0000 | 4d3b d375 | 094c 8b54 | 2460 4589 | 6250 4c8b | 5424 6045 
  0x000001d510a9a31c: 3b62 340f | 84c3 0000 | 0045 8b58 

  0x000001d510a9a328: ;   {metadata('java/io/UTFDataFormatException')}
  0x000001d510a9a328: 0841 81fb | f806 4601 | 0f84 ce00 | 0000 498b | d848 8d84 | 24b0 0000 | 004c 8b5c | 2460 4883 
  0x000001d510a9a348: 3800 0f84 | 7900 0000 | 4d8b 1341 | f6c2 020f | 8462 0000 | 0049 83ba | 8600 0000 | 0074 0949 
  0x000001d510a9a368: ff8a 8600 | 0000 eb4b | 498b 8296 | 0000 0049 | 0b82 8e00 | 0000 750a | 49c7 423e | 0000 0000 
  0x000001d510a9a388: eb3d 4983 | ba9e 0000 | 0000 7422 | 4833 c049 | c742 3e00 | 0000 00f0 | 8304 2400 | 4983 ba9e 
  0x000001d510a9a3a8: 0000 0000 | 750d f04d | 0fb1 7a3e | 7505 83c8 | 01eb 0ca8 | 00eb 084c | 8b10 f04d | 0fb1 1375 
  0x000001d510a9a3c8: 0a49 ff8f | 5005 0000 | 4533 d275 | 4b48 8bd3 | c5f8 7748 | 81c4 c000 

  0x000001d510a9a3e0: ;   {runtime_call _rethrow_Java}
  0x000001d510a9a3e0: 0000 5de9 | 98eb 30ff | baf6 ffff | ff4c 8944 | 2430 6690 

  0x000001d510a9a3f4: ;   {runtime_call UncommonTrapBlob}
  0x000001d510a9a3f4: c5f8 77e8 

  0x000001d510a9a3f8: ; ImmutableOopMap {rbp=Oop [48]=Oop [96]=Oop }
                      ;*invokevirtual close {reexecute=0 rethrow=0 return_oop=0}
                      ; - org.eclipse.jdt.internal.core.index.DiskIndex::readCategoryTable@502 (line 732)
  0x000001d510a9a3f8: 0496 25ff 

  0x000001d510a9a3fc: ;   {other}
  0x000001d510a9a3fc: 0f1f 8400 | ec3f 0073 | ba7a 0200 | 004c 8944 | 2430 6690 

  0x000001d510a9a410: ;   {runtime_call UncommonTrapBlob}
  0x000001d510a9a410: c5f8 77e8 

  0x000001d510a9a414: ; ImmutableOopMap {rbp=Oop [48]=Oop [96]=Oop }
                      ;*invokestatic get {reexecute=0 rethrow=0 return_oop=0}
                      ; - org.eclipse.jdt.internal.core.index.DiskIndex::readCategoryTable@520 (line 735)
  0x000001d510a9a414: e895 25ff 

  0x000001d510a9a418: ;   {other}
  0x000001d510a9a418: 0f1f 8400 | 0840 0074 | 488b 4c24 | 6048 8d94 | 24b0 0000 | 004d 8bc7 | c5f8 7749 | ba40 d972 
  0x000001d510a9a438: 45fd 7f00 | 0041 ffd2 

  0x000001d510a9a440: ;   {other}
  0x000001d510a9a440: 0f1f 8400 | 0000 0000 

  0x000001d510a9a448: ;   {internal_word}
  0x000001d510a9a448: eb8b 49ba | 2f89 a910 | d501 0000 | 4d89 9768 

  0x000001d510a9a458: ;   {runtime_call SafepointBlob}
  0x000001d510a9a458: 0400 00e9 | a0a6 25ff | 4883 ec08 | c5fb 110c 

  0x000001d510a9a468: ;   {runtime_call StubRoutines (initial stubs)}
  0x000001d510a9a468: 24e8 9c6c | 20ff 5be9 | 42d3 ffff 

  0x000001d510a9a474: ;   {runtime_call StubRoutines (final stubs)}
  0x000001d510a9a474: e867 e523 | ffe9 80c5 | ffff f4f4 
[Stub Code]
  0x000001d510a9a480: ;   {no_reloc}
  0x000001d510a9a480: 48bb 0000 | 0000 0000 

  0x000001d510a9a488: ;   {runtime_call nmethod}
  0x000001d510a9a488: 0000 e9fb 

  0x000001d510a9a48c: ;   {static_stub}
  0x000001d510a9a48c: ffff ff48 | bb00 0000 | 0000 0000 

  0x000001d510a9a498: ;   {runtime_call nmethod}
  0x000001d510a9a498: 00e9 fbff 

  0x000001d510a9a49c: ;   {static_stub}
  0x000001d510a9a49c: ffff 48bb | 0000 0000 | 0000 0000 

  0x000001d510a9a4a8: ;   {runtime_call nmethod}
  0x000001d510a9a4a8: e9fb ffff 

  0x000001d510a9a4ac: ;   {static_stub}
  0x000001d510a9a4ac: ff48 bb00 | 0000 0000 

  0x000001d510a9a4b4: ;   {runtime_call nmethod}
  0x000001d510a9a4b4: 0000 00e9 | fbff ffff 

  0x000001d510a9a4bc: ;   {static_stub}
  0x000001d510a9a4bc: 48bb 0000 | 0000 0000 

  0x000001d510a9a4c4: ;   {runtime_call nmethod}
  0x000001d510a9a4c4: 0000 e9fb 

  0x000001d510a9a4c8: ;   {static_stub}
  0x000001d510a9a4c8: ffff ff48 | bb00 0000 | 0000 0000 

  0x000001d510a9a4d4: ;   {runtime_call nmethod}
  0x000001d510a9a4d4: 00e9 fbff 

  0x000001d510a9a4d8: ;   {static_stub}
  0x000001d510a9a4d8: ffff 48bb | 0000 0000 | 0000 0000 

  0x000001d510a9a4e4: ;   {runtime_call nmethod}
  0x000001d510a9a4e4: e9fb ffff 

  0x000001d510a9a4e8: ;   {static_stub}
  0x000001d510a9a4e8: ff48 bb00 | 0000 0000 

  0x000001d510a9a4f0: ;   {runtime_call nmethod}
  0x000001d510a9a4f0: 0000 00e9 | fbff ffff 

  0x000001d510a9a4f8: ;   {static_stub}
  0x000001d510a9a4f8: 48bb 0000 | 0000 0000 

  0x000001d510a9a500: ;   {runtime_call nmethod}
  0x000001d510a9a500: 0000 e9fb 

  0x000001d510a9a504: ;   {static_stub}
  0x000001d510a9a504: ffff ff48 | bb00 0000 | 0000 0000 

  0x000001d510a9a510: ;   {runtime_call nmethod}
  0x000001d510a9a510: 00e9 fbff 

  0x000001d510a9a514: ;   {static_stub}
  0x000001d510a9a514: ffff 48bb | 0000 0000 | 0000 0000 

  0x000001d510a9a520: ;   {runtime_call nmethod}
  0x000001d510a9a520: e9fb ffff 

  0x000001d510a9a524: ;   {static_stub}
  0x000001d510a9a524: ff48 bb00 | 0000 0000 

  0x000001d510a9a52c: ;   {runtime_call nmethod}
  0x000001d510a9a52c: 0000 00e9 | fbff ffff 

  0x000001d510a9a534: ;   {static_stub}
  0x000001d510a9a534: 48bb 0000 | 0000 0000 

  0x000001d510a9a53c: ;   {runtime_call nmethod}
  0x000001d510a9a53c: 0000 e9fb 

  0x000001d510a9a540: ;   {static_stub}
  0x000001d510a9a540: ffff ff48 | bb00 0000 | 0000 0000 

  0x000001d510a9a54c: ;   {runtime_call nmethod}
  0x000001d510a9a54c: 00e9 fbff 

  0x000001d510a9a550: ;   {static_stub}
  0x000001d510a9a550: ffff 48bb | 0000 0000 | 0000 0000 

  0x000001d510a9a55c: ;   {runtime_call nmethod}
  0x000001d510a9a55c: e9fb ffff 

  0x000001d510a9a560: ;   {static_stub}
  0x000001d510a9a560: ff48 bb00 | 0000 0000 

  0x000001d510a9a568: ;   {runtime_call nmethod}
  0x000001d510a9a568: 0000 00e9 | fbff ffff 

  0x000001d510a9a570: ;   {static_stub}
  0x000001d510a9a570: 48bb 0000 | 0000 0000 

  0x000001d510a9a578: ;   {runtime_call nmethod}
  0x000001d510a9a578: 0000 e9fb 

  0x000001d510a9a57c: ;   {static_stub}
  0x000001d510a9a57c: ffff ff48 | bb00 0000 | 0000 0000 

  0x000001d510a9a588: ;   {runtime_call nmethod}
  0x000001d510a9a588: 00e9 fbff 

  0x000001d510a9a58c: ;   {static_stub}
  0x000001d510a9a58c: ffff 48bb | 0000 0000 | 0000 0000 

  0x000001d510a9a598: ;   {runtime_call nmethod}
  0x000001d510a9a598: e9fb ffff 

  0x000001d510a9a59c: ;   {static_stub}
  0x000001d510a9a59c: ff48 bb00 | 0000 0000 

  0x000001d510a9a5a4: ;   {runtime_call nmethod}
  0x000001d510a9a5a4: 0000 00e9 | fbff ffff 

  0x000001d510a9a5ac: ;   {static_stub}
  0x000001d510a9a5ac: 48bb 0000 | 0000 0000 

  0x000001d510a9a5b4: ;   {runtime_call nmethod}
  0x000001d510a9a5b4: 0000 e9fb 

  0x000001d510a9a5b8: ;   {static_stub}
  0x000001d510a9a5b8: ffff ff48 | bb00 0000 | 0000 0000 

  0x000001d510a9a5c4: ;   {runtime_call nmethod}
  0x000001d510a9a5c4: 00e9 fbff 

  0x000001d510a9a5c8: ;   {runtime_call ExceptionBlob}
  0x000001d510a9a5c8: ffff e931 | 5627 ffe8 | 0000 0000 | 4883 2c24 

  0x000001d510a9a5d8: ;   {runtime_call DeoptimizationBlob}
  0x000001d510a9a5d8: 05e9 c297 | 25ff f4f4 
[/MachCode]


Compiled method (c1) 2613714 11999       3       org.eclipse.jdt.internal.core.index.DiskIndex::mergeCategory (301 bytes)
 total in heap  [0x000001d509f6eb90,0x000001d509f708c0] = 7472
 relocation     [0x000001d509f6ecf0,0x000001d509f6ee70] = 384
 main code      [0x000001d509f6ee80,0x000001d509f6ff98] = 4376
 stub code      [0x000001d509f6ff98,0x000001d509f70050] = 184
 oops           [0x000001d509f70050,0x000001d509f70060] = 16
 metadata       [0x000001d509f70060,0x000001d509f70098] = 56
 scopes data    [0x000001d509f70098,0x000001d509f70528] = 1168
 scopes pcs     [0x000001d509f70528,0x000001d509f70828] = 768
 dependencies   [0x000001d509f70828,0x000001d509f70840] = 24
 nul chk table  [0x000001d509f70840,0x000001d509f708c0] = 128

[Constant Pool (empty)]

[MachCode]
[Entry Point]
  # {method} {0x000001d5614ca128} 'mergeCategory' '([CLorg/eclipse/jdt/internal/core/index/DiskIndex;[ILjava/io/OutputStream;)V' in 'org/eclipse/jdt/internal/core/index/DiskIndex'
  # this:     rdx:rdx   = 'org/eclipse/jdt/internal/core/index/DiskIndex'
  # parm0:    r8:r8     = '[C'
  # parm1:    r9:r9     = 'org/eclipse/jdt/internal/core/index/DiskIndex'
  # parm2:    rdi:rdi   = '[I'
  # parm3:    rsi:rsi   = 'java/io/OutputStream'
  #           [sp+0xf0]  (sp of caller)
  0x000001d509f6ee80: 448b 5208 | 49bb 0000 | 001c d501 | 0000 4d03 | d34c 3bd0 

  0x000001d509f6ee94: ;   {runtime_call ic_miss_stub}
  0x000001d509f6ee94: 0f85 e6f5 | d705 660f | 1f44 0000 
[Verified Entry Point]
  0x000001d509f6eea0: 8984 2400 | 80ff ff55 | 4881 ece0 | 0000 0090 | 4181 7f20 | 0400 0000 

  0x000001d509f6eeb8: ;   {runtime_call StubRoutines (final stubs)}
  0x000001d509f6eeb8: 7405 e821 | 9bd6 054c | 894c 2450 | 4889 7c24 

  0x000001d509f6eec8: ;   {metadata(method data for {method} {0x000001d5614ca128} 'mergeCategory' '([CLorg/eclipse/jdt/internal/core/index/DiskIndex;[ILjava/io/OutputStream;)V' in 'org/eclipse/jdt/internal/core/index/DiskIndex')}
  0x000001d509f6eec8: 6048 bb18 | 1ded 62d5 | 0100 008b | 83cc 0000 | 0083 c002 | 8983 cc00 | 0000 25fe | 0700 0085 
  0x000001d509f6eee8: c00f 84c3 | 0e00 0048 | 8974 2470 | 8b5a 4848 | 3b03 488b 

  0x000001d509f6eefc: ;   {metadata(method data for {method} {0x000001d5614ca128} 'mergeCategory' '([CLorg/eclipse/jdt/internal/core/index/DiskIndex;[ILjava/io/OutputStream;)V' in 'org/eclipse/jdt/internal/core/index/DiskIndex')}
  0x000001d509f6eefc: c348 b918 | 1ded 62d5 | 0100 0048 | 8381 1001 | 0000 0149 | 8bc0 4c8b | c048 8954 | 2468 488b 
  0x000001d509f6ef1c: d348 8944 | 2458 0f1f 

  0x000001d509f6ef24: ;   {optimized virtual_call}
  0x000001d509f6ef24: 4400 00e8 

  0x000001d509f6ef28: ; ImmutableOopMap {[80]=Oop [88]=Oop [96]=Oop [104]=Oop [112]=Oop }
                      ;*invokevirtual get {reexecute=0 rethrow=0 return_oop=0}
                      ; - org.eclipse.jdt.internal.core.index.DiskIndex::mergeCategory@5 (line 487)
  0x000001d509f6ef28: 5497 b106 

  0x000001d509f6ef2c: ;   {other}
  0x000001d509f6ef2c: 0f1f 8400 | 9c03 0000 | 4885 c075 

  0x000001d509f6ef38: ;   {metadata(method data for {method} {0x000001d5614ca128} 'mergeCategory' '([CLorg/eclipse/jdt/internal/core/index/DiskIndex;[ILjava/io/OutputStream;)V' in 'org/eclipse/jdt/internal/core/index/DiskIndex')}
  0x000001d509f6ef38: 1648 bf18 | 1ded 62d5 | 0100 0080 | 8f41 0100 | 0001 e9cc 

  0x000001d509f6ef4c: ;   {metadata('org/eclipse/jdt/internal/compiler/util/HashtableOfObject')}
  0x000001d509f6ef4c: 0000 0048 | ba88 b031 | 1dd5 0100 | 008b 7008 | 49ba 0000 | 001c d501 | 0000 4903 | f248 3bd6 
  0x000001d509f6ef6c: 0f85 8d00 

  0x000001d509f6ef70: ;   {metadata(method data for {method} {0x000001d5614ca128} 'mergeCategory' '([CLorg/eclipse/jdt/internal/core/index/DiskIndex;[ILjava/io/OutputStream;)V' in 'org/eclipse/jdt/internal/core/index/DiskIndex')}
  0x000001d509f6ef70: 0000 48bf | 181d ed62 | d501 0000 | 8b50 0849 | ba00 0000 | 1cd5 0100 | 0049 03d2 | 483b 9758 
  0x000001d509f6ef90: 0100 0075 | 0d48 8387 | 6001 0000 | 01e9 7900 | 0000 483b | 9768 0100 | 0075 0d48 | 8387 7001 
  0x000001d509f6efb0: 0000 01e9 | 6300 0000 | 4883 bf58 | 0100 0000 | 7517 4889 | 9758 0100 | 0048 c787 | 6001 0000 
  0x000001d509f6efd0: 0100 0000 | e942 0000 | 0048 83bf | 6801 0000 | 0075 1748 | 8997 6801 | 0000 48c7 | 8770 0100 
  0x000001d509f6eff0: 0001 0000 | 00e9 2100 | 0000 e91c 

  0x000001d509f6effc: ;   {metadata(method data for {method} {0x000001d5614ca128} 'mergeCategory' '([CLorg/eclipse/jdt/internal/core/index/DiskIndex;[ILjava/io/OutputStream;)V' in 'org/eclipse/jdt/internal/core/index/DiskIndex')}
  0x000001d509f6effc: 0000 0048 | bf18 1ded | 62d5 0100 | 0048 83af | 4801 0000 | 01e9 c20d | 0000 e900 | 0000 0048 
  0x000001d509f6f01c: 8bd0 4885 

  0x000001d509f6f020: ;   {metadata(method data for {method} {0x000001d5614ca128} 'mergeCategory' '([CLorg/eclipse/jdt/internal/core/index/DiskIndex;[ILjava/io/OutputStream;)V' in 'org/eclipse/jdt/internal/core/index/DiskIndex')}
  0x000001d509f6f020: d248 be18 | 1ded 62d5 | 0100 0048 | c7c7 8001 | 0000 7507 | 48c7 c790 | 0100 0048 | 8b04 3e48 
  0x000001d509f6f040: 8d40 0148 | 8904 3e0f | 858c 0000 

  0x000001d509f6f04c: ;   {metadata('org/eclipse/jdt/internal/compiler/util/HashtableOfObject')}
  0x000001d509f6f04c: 0048 ba88 | b031 1dd5 | 0100 0049 | 8b87 b801 | 0000 488d | 7820 493b | bfc8 0100 | 000f 8772 
  0x000001d509f6f06c: 0d00 0049 | 89bf b801 | 0000 48c7 | 0001 0000 | 0048 8bca | 49ba 0000 | 001c d501 | 0000 492b 
  0x000001d509f6f08c: ca89 4808 | 4833 c989 | 480c 4833 | c948 8948 | 1048 8948 | 184c 8bc0 

  0x000001d509f6f0a4: ;   {metadata(method data for {method} {0x000001d5614ca128} 'mergeCategory' '([CLorg/eclipse/jdt/internal/core/index/DiskIndex;[ILjava/io/OutputStream;)V' in 'org/eclipse/jdt/internal/core/index/DiskIndex')}
  0x000001d509f6f0a4: 48ba 181d | ed62 d501 | 0000 4883 | 82a0 0100 | 0001 41b8 | 0300 0000 | 488b d048 | 8944 2478 
  0x000001d509f6f0c4: ;   {optimized virtual_call}
  0x000001d509f6f0c4: 6666 90e8 

  0x000001d509f6f0c8: ; ImmutableOopMap {[80]=Oop [88]=Oop [96]=Oop [104]=Oop [112]=Oop [120]=Oop }
                      ;*invokespecial <init> {reexecute=0 rethrow=0 return_oop=0}
                      ; - org.eclipse.jdt.internal.core.index.DiskIndex::mergeCategory@23 (line 489)
  0x000001d509f6f0c8: f432 f4ff 

  0x000001d509f6f0cc: ;   {other}
  0x000001d509f6f0cc: 0f1f 8400 | 3c05 0001 | 488b 5424 | 7848 8994 | 2480 0000 | 004c 8b4c | 2450 493b | 014d 8bc1 
  0x000001d509f6f0ec: ;   {metadata(method data for {method} {0x000001d5614ca128} 'mergeCategory' '([CLorg/eclipse/jdt/internal/core/index/DiskIndex;[ILjava/io/OutputStream;)V' in 'org/eclipse/jdt/internal/core/index/DiskIndex')}
  0x000001d509f6f0ec: 48be 181d | ed62 d501 | 0000 4883 | 86b0 0100 | 0001 4c8b | 4424 5849 | 8bf1 41b9 | 0100 0000 
  0x000001d509f6f10c: ;   {optimized virtual_call}
  0x000001d509f6f10c: 488b d6e8 

  0x000001d509f6f110: ; ImmutableOopMap {[80]=Oop [88]=Oop [96]=Oop [104]=Oop [112]=Oop [128]=Oop }
                      ;*invokevirtual readCategoryTable {reexecute=0 rethrow=0 return_oop=0}
                      ; - org.eclipse.jdt.internal.core.index.DiskIndex::mergeCategory@31 (line 491)
  0x000001d509f6f110: cc78 b206 

  0x000001d509f6f114: ;   {other}
  0x000001d509f6f114: 0f1f 8400 | 8405 0002 

  0x000001d509f6f11c: ;   {metadata(method data for {method} {0x000001d5614ca128} 'mergeCategory' '([CLorg/eclipse/jdt/internal/core/index/DiskIndex;[ILjava/io/OutputStream;)V' in 'org/eclipse/jdt/internal/core/index/DiskIndex')}
  0x000001d509f6f11c: 4885 c048 | bb18 1ded | 62d5 0100 | 0048 c7c2 | e801 0000 | 7407 48c7 | c2f8 0100 | 0048 8b34 
  0x000001d509f6f13c: 1348 8d76 | 0148 8934 | 130f 8411 | 0c00 0044 | 8b58 144c | 899c 2490 | 0000 0044 | 8b68 184c 
  0x000001d509f6f15c: 89ac 2498 | 0000 0045 | 8b73 0c44 | 89b4 24a0 

  0x000001d509f6f16c: ;   {metadata(method data for {method} {0x000001d5614ca128} 'mergeCategory' '([CLorg/eclipse/jdt/internal/core/index/DiskIndex;[ILjava/io/OutputStream;)V' in 'org/eclipse/jdt/internal/core/index/DiskIndex')}
  0x000001d509f6f16c: 0000 0048 | bb18 1ded | 62d5 0100 | 00ff 8308 | 0200 0041 | b900 0000 | 0066 6690 | 488b 7c24 
  0x000001d509f6f18c: 6045 3bce | bb02 0000 | 007c 05bb | 0000 0000 

  0x000001d509f6f19c: ;   {metadata(method data for {method} {0x000001d5614ca128} 'mergeCategory' '([CLorg/eclipse/jdt/internal/core/index/DiskIndex;[ILjava/io/OutputStream;)V' in 'org/eclipse/jdt/internal/core/index/DiskIndex')}
  0x000001d509f6f19c: 48be 181d | ed62 d501 | 0000 8b86 | d000 0000 | 03c3 8986 | d000 0000 | 85db 7505 | b802 0000 
  0x000001d509f6f1bc: 0025 fe3f | 0000 85c0 | 0f84 330c | 0000 4d8b | 9758 0400 

  0x000001d509f6f1d0: ; ImmutableOopMap {r11=Oop r13=Oop rdi=Oop [80]=Oop [88]=Oop [96]=Oop [104]=Oop [112]=Oop [128]=Oop [144]=Oop [152]=Oop }
                      ;*if_icmplt {reexecute=1 rethrow=0 return_oop=0}
                      ; - (reexecute) org.eclipse.jdt.internal.core.index.DiskIndex::mergeCategory@278 (line 495)
                      ;   {poll}
  0x000001d509f6f1d0: 0041 8502 

  0x000001d509f6f1d4: ;   {metadata(method data for {method} {0x000001d5614ca128} 'mergeCategory' '([CLorg/eclipse/jdt/internal/core/index/DiskIndex;[ILjava/io/OutputStream;)V' in 'org/eclipse/jdt/internal/core/index/DiskIndex')}
  0x000001d509f6f1d4: 453b ce48 | bb18 1ded | 62d5 0100 | 0048 c7c6 | 8805 0000 | 7d07 48c7 | c678 0500 | 0048 8b04 
  0x000001d509f6f1f4: 3348 8d40 | 0148 8904 | 330f 8d1a | 0b00 0049 | 63d9 458b | 449b 104d 

  0x000001d509f6f20c: ;   {metadata(method data for {method} {0x000001d5614ca128} 'mergeCategory' '([CLorg/eclipse/jdt/internal/core/index/DiskIndex;[ILjava/io/OutputStream;)V' in 'org/eclipse/jdt/internal/core/index/DiskIndex')}
  0x000001d509f6f20c: 85c0 48bb | 181d ed62 | d501 0000 | 48c7 c630 | 0200 0075 | 0748 c7c6 | 2002 0000 | 488b 0433 
  0x000001d509f6f22c: 488d 4001 | 4889 0433 | 0f85 0d00 | 0000 4489 | 8c24 8c00 | 0000 e9ae | 0a00 0045 | 3b4d 0c0f 
  0x000001d509f6f24c: 83d7 0b00 | 0049 63d9 | 418b 5c9d | 1048 85db 

  0x000001d509f6f25c: ;   {metadata(method data for {method} {0x000001d5614ca128} 'mergeCategory' '([CLorg/eclipse/jdt/internal/core/index/DiskIndex;[ILjava/io/OutputStream;)V' in 'org/eclipse/jdt/internal/core/index/DiskIndex')}
  0x000001d509f6f25c: 7516 48b8 | 181d ed62 | d501 0000 | 8088 3902 | 0000 01e9 | cd00 0000 

  0x000001d509f6f274: ;   {metadata({type array int})}
  0x000001d509f6f274: 48b9 0827 | 001c d501 | 0000 8b43 | 0849 ba00 | 0000 1cd5 | 0100 0049 | 03c2 483b | 4838 0f85 
  0x000001d509f6f294: 8d00 0000 

  0x000001d509f6f298: ;   {metadata(method data for {method} {0x000001d5614ca128} 'mergeCategory' '([CLorg/eclipse/jdt/internal/core/index/DiskIndex;[ILjava/io/OutputStream;)V' in 'org/eclipse/jdt/internal/core/index/DiskIndex')}
  0x000001d509f6f298: 48b8 181d | ed62 d501 | 0000 8b4b | 0849 ba00 | 0000 1cd5 | 0100 0049 | 03ca 483b | 8850 0200 
  0x000001d509f6f2b8: 0075 0d48 | 8380 5802 | 0000 01e9 | 7900 0000 | 483b 8860 | 0200 0075 | 0d48 8380 | 6802 0000 
  0x000001d509f6f2d8: 01e9 6300 | 0000 4883 | b850 0200 | 0000 7517 | 4889 8850 | 0200 0048 | c780 5802 | 0000 0100 
  0x000001d509f6f2f8: 0000 e942 | 0000 0048 | 83b8 6002 | 0000 0075 | 1748 8988 | 6002 0000 | 48c7 8068 | 0200 0001 
  0x000001d509f6f318: 0000 00e9 | 2100 0000 | e91c 0000 

  0x000001d509f6f324: ;   {metadata(method data for {method} {0x000001d5614ca128} 'mergeCategory' '([CLorg/eclipse/jdt/internal/core/index/DiskIndex;[ILjava/io/OutputStream;)V' in 'org/eclipse/jdt/internal/core/index/DiskIndex')}
  0x000001d509f6f324: 0048 b818 | 1ded 62d5 | 0100 0048 | 83a8 4002 | 0000 01e9 | fa0a 0000 | e900 0000 | 0048 8bf3 
  0x000001d509f6f344: ; implicit exception: dispatches to 0x000001d509f6fe3f
  0x000001d509f6f344: 8b46 0c48 

  0x000001d509f6f348: ;   {metadata({type array int})}
  0x000001d509f6f348: 8bd8 48ba | 0827 001c | d501 0000 | 4c8b df44 | 898c 248c | 0000 0089 | 8424 8800 | 0000 4c8b 
  0x000001d509f6f368: ce48 63db | 488b fb48 | 81fb ffff | ff00 0f87 | c80a 0000 | 48c7 c617 | 0000 0048 | 8d34 9e48 
  0x000001d509f6f388: 83e6 f849 | 8b87 b801 | 0000 488d | 3430 493b | b7c8 0100 | 000f 87a1 | 0a00 0049 | 89b7 b801 
  0x000001d509f6f3a8: 0000 482b | f048 c700 | 0100 0000 | 488b ca49 | ba00 0000 | 1cd5 0100 | 0049 2bca | 8948 0889 
  0x000001d509f6f3c8: 580c 4883 | ee10 4885 | f60f 8411 | 0000 0048 | 33db 48c1 | ee03 4889 | 5cf0 0848 | ffce 75f6 
  0x000001d509f6f3e8: ;   {metadata(method data for {method} {0x000001d5614ca128} 'mergeCategory' '([CLorg/eclipse/jdt/internal/core/index/DiskIndex;[ILjava/io/OutputStream;)V' in 'org/eclipse/jdt/internal/core/index/DiskIndex')}
  0x000001d509f6f3e8: 48bb 181d | ed62 d501 | 0000 ff83 | 7802 0000 | bb00 0000 | 00be 0000 | 0000 8b94 | 2488 0000 
  0x000001d509f6f408: 00e9 6500 | 0000 6690 | 4863 fb41 | 8b7c b910 

  0x000001d509f6f418: ; implicit exception: dispatches to 0x000001d509f6fe4e
  0x000001d509f6f418: 413b 7b0c | 0f83 360a | 0000 4863 | ff41 8b7c | bb10 83ff 

  0x000001d509f6f42c: ;   {metadata(method data for {method} {0x000001d5614ca128} 'mergeCategory' '([CLorg/eclipse/jdt/internal/core/index/DiskIndex;[ILjava/io/OutputStream;)V' in 'org/eclipse/jdt/internal/core/index/DiskIndex')}
  0x000001d509f6f42c: ff48 b918 | 1ded 62d5 | 0100 0049 | c7c5 9002 | 0000 7e07 | 49c7 c5a0 | 0200 004e | 8b34 294d 
  0x000001d509f6f44c: 8d76 014e | 8934 290f | 8e18 0000 | 0048 8bce | ffc1 3b70 | 0c0f 83ff | 0900 0048 | 63f6 897c 
  0x000001d509f6f46c: b010 488b | f1ff c33b | dabf 0200 | 0000 7c05 | bf00 0000 

  0x000001d509f6f480: ;   {metadata(method data for {method} {0x000001d5614ca128} 'mergeCategory' '([CLorg/eclipse/jdt/internal/core/index/DiskIndex;[ILjava/io/OutputStream;)V' in 'org/eclipse/jdt/internal/core/index/DiskIndex')}
  0x000001d509f6f480: 0048 b918 | 1ded 62d5 | 0100 0044 | 8ba9 d000 | 0000 4403 | ef44 89a9 | d000 0000 | 85ff 7506 
  0x000001d509f6f4a0: 41bd 0200 | 0000 4181 | e5fe 3f00 | 0045 85ed | 0f84 be09 | 0000 4d8b | 9758 0400 

  0x000001d509f6f4bc: ; ImmutableOopMap {r8=Oop r11=Oop r9=Oop rax=Oop [80]=Oop [88]=Oop [96]=Oop [104]=Oop [112]=Oop [128]=Oop [144]=Oop [152]=Oop }
                      ;*if_icmplt {reexecute=1 rethrow=0 return_oop=0}
                      ; - (reexecute) org.eclipse.jdt.internal.core.index.DiskIndex::mergeCategory@140 (line 502)
                      ;   {poll}
  0x000001d509f6f4bc: 0041 8502 

  0x000001d509f6f4c0: ;   {metadata(method data for {method} {0x000001d5614ca128} 'mergeCategory' '([CLorg/eclipse/jdt/internal/core/index/DiskIndex;[ILjava/io/OutputStream;)V' in 'org/eclipse/jdt/internal/core/index/DiskIndex')}
  0x000001d509f6f4c0: 3bda 48bf | 181d ed62 | d501 0000 | 48c7 c1b0 | 0200 007c | 0748 c7c1 | c002 0000 | 4c8b 2c0f 
  0x000001d509f6f4e0: 4d8d 6d01 | 4c89 2c0f | 0f8c 22ff | ffff 3bf2 

  0x000001d509f6f4f0: ;   {metadata(method data for {method} {0x000001d5614ca128} 'mergeCategory' '([CLorg/eclipse/jdt/internal/core/index/DiskIndex;[ILjava/io/OutputStream;)V' in 'org/eclipse/jdt/internal/core/index/DiskIndex')}
  0x000001d509f6f4f0: 48bb 181d | ed62 d501 | 0000 48c7 | c2e0 0200 | 007c 0748 | c7c2 d002 | 0000 488b | 3c13 488d 
  0x000001d509f6f510: 7f01 4889 | 3c13 0f8c | 1c00 0000 | 4889 8424 | b800 0000 | 89b4 24a4 | 0000 004c | 8984 24b0 
  0x000001d509f6f530: 0000 00e9 | 8201 0000 

  0x000001d509f6f538: ;   {metadata(method data for {method} {0x000001d5614ca128} 'mergeCategory' '([CLorg/eclipse/jdt/internal/core/index/DiskIndex;[ILjava/io/OutputStream;)V' in 'org/eclipse/jdt/internal/core/index/DiskIndex')}
  0x000001d509f6f538: 85f6 48bb | 181d ed62 | d501 0000 | 48c7 c2f0 | 0200 0075 | 0748 c7c2 | 0003 0000 | 488b 3c13 
  0x000001d509f6f558: 488d 7f01 | 4889 3c13 | 0f85 1500 

  0x000001d509f6f564: ;   {metadata(method data for {method} {0x000001d5614ca128} 'mergeCategory' '([CLorg/eclipse/jdt/internal/core/index/DiskIndex;[ILjava/io/OutputStream;)V' in 'org/eclipse/jdt/internal/core/index/DiskIndex')}
  0x000001d509f6f564: 0000 48bb | 181d ed62 | d501 0000 | ff83 1003 | 0000 e97a | 0700 004c | 8984 24b0 | 0000 004c 
  0x000001d509f6f584: 8bc0 488b 

  0x000001d509f6f588: ;   {metadata({type array int})}
  0x000001d509f6f588: de48 ba08 | 2700 1cd5 | 0100 0089 | b424 a400 | 0000 4863 | db48 8bfb | 4881 fbff | ffff 000f 
  0x000001d509f6f5a8: 87e8 0800 | 0048 c7c6 | 1700 0000 | 488d 349e | 4883 e6f8 | 498b 87b8 | 0100 0048 | 8d34 3049 
  0x000001d509f6f5c8: 3bb7 c801 | 0000 0f87 | c108 0000 | 4989 b7b8 | 0100 0048 | 2bf0 48c7 | 0001 0000 | 0048 8bca 
  0x000001d509f6f5e8: 49ba 0000 | 001c d501 | 0000 492b | ca89 4808 | 8958 0c48 | 83ee 1048 | 85f6 0f84 | 1100 0000 
  0x000001d509f6f608: 4833 db48 | c1ee 0348 | 895c f008 | 48ff ce75 

  0x000001d509f6f618: ;   {metadata(method data for {method} {0x000001d5614ca128} 'mergeCategory' '([CLorg/eclipse/jdt/internal/core/index/DiskIndex;[ILjava/io/OutputStream;)V' in 'org/eclipse/jdt/internal/core/index/DiskIndex')}
  0x000001d509f6f618: f648 ba18 | 1ded 62d5 | 0100 0048 | 8382 2803 | 0000 0149 | 8bd0 41b8 | 0000 0000 | 4c8b c8bf 
  0x000001d509f6f638: 0000 0000 | 8bb4 24a4 | 0000 0048 | 8984 24a8 | 0000 0049 | 8d0c 303b | 4a0c 0f87 | 4708 0000 
  0x000001d509f6f658: 488d 0c37 | 413b 490c | 0f87 3908 | 0000 85f6 | 0f8c 3108 | 0000 4d63 | c048 63ff | 4a8d 4c82 
  0x000001d509f6f678: 1049 8d54 | b910 4c8b | c648 83ec | 2040 f6c4 | 0f0f 8412 | 0000 0048 

  0x000001d509f6f690: ;   {runtime_call StubRoutines (final stubs)}
  0x000001d509f6f690: 83ec 08e8 | 687a d605 | 4883 c408 | e905 0000 

  0x000001d509f6f6a0: ;   {runtime_call StubRoutines (final stubs)}
  0x000001d509f6f6a0: 00e8 5a7a | d605 4883 | c420 488b | 8424 a800 | 0000 4889 | 8424 b800 | 0000 488b | 9424 8000 
  0x000001d509f6f6c0: 0000 483b | 024c 8bc2 

  0x000001d509f6f6c8: ;   {metadata(method data for {method} {0x000001d5614ca128} 'mergeCategory' '([CLorg/eclipse/jdt/internal/core/index/DiskIndex;[ILjava/io/OutputStream;)V' in 'org/eclipse/jdt/internal/core/index/DiskIndex')}
  0x000001d509f6f6c8: 48be 181d | ed62 d501 | 0000 4883 | 8638 0300 | 0001 4c8b | 8424 b000 | 0000 488b | f248 8bd6 
  0x000001d509f6f6e8: 4889 b424 | 8000 0000 | 0f1f 8000 

  0x000001d509f6f6f4: ;   {optimized virtual_call}
  0x000001d509f6f6f4: 0000 00e8 

  0x000001d509f6f6f8: ; ImmutableOopMap {[80]=Oop [88]=Oop [96]=Oop [104]=Oop [112]=Oop [128]=Oop [144]=Oop [152]=Oop [176]=Oop [184]=Oop }
                      ;*invokevirtual get {reexecute=0 rethrow=0 return_oop=0}
                      ; - org.eclipse.jdt.internal.core.index.DiskIndex::mergeCategory@178 (line 512)
  0x000001d509f6f6f8: 848f b106 

  0x000001d509f6f6fc: ;   {other}
  0x000001d509f6f6fc: 0f1f 8400 | 6c0b 0005 | 488b d848 

  0x000001d509f6f708: ;   {metadata(method data for {method} {0x000001d5614ca128} 'mergeCategory' '([CLorg/eclipse/jdt/internal/core/index/DiskIndex;[ILjava/io/OutputStream;)V' in 'org/eclipse/jdt/internal/core/index/DiskIndex')}
  0x000001d509f6f708: 85db 49b8 | 181d ed62 | d501 0000 | 49c7 c170 | 0300 0075 | 0749 c7c1 | 8003 0000 | 4b8b 1408 
  0x000001d509f6f728: 488d 5201 | 4b89 1408 | 0f85 5b00 | 0000 488b | 9424 8000 

  0x000001d509f6f73c: ;   {metadata(method data for {method} {0x000001d5614ca128} 'mergeCategory' '([CLorg/eclipse/jdt/internal/core/index/DiskIndex;[ILjava/io/OutputStream;)V' in 'org/eclipse/jdt/internal/core/index/DiskIndex')}
  0x000001d509f6f73c: 0000 49b8 | 181d ed62 | d501 0000 | 4983 8090 | 0300 0001 | 4c8b 8424 | b000 0000 | 4c8b 8c24 
  0x000001d509f6f75c: b800 0000 | 488b 9424 | 8000 0000 | 0f1f 8000 

  0x000001d509f6f76c: ;   {optimized virtual_call}
  0x000001d509f6f76c: 0000 00e8 

  0x000001d509f6f770: ; ImmutableOopMap {[80]=Oop [88]=Oop [96]=Oop [104]=Oop [112]=Oop [128]=Oop [144]=Oop [152]=Oop }
                      ;*invokevirtual putUnsafely {reexecute=0 rethrow=0 return_oop=0}
                      ; - org.eclipse.jdt.internal.core.index.DiskIndex::mergeCategory@194 (line 514)
  0x000001d509f6f770: ac40 b106 

  0x000001d509f6f774: ;   {other}
  0x000001d509f6f774: 0f1f 8400 | e40b 0006 

  0x000001d509f6f77c: ;   {metadata(method data for {method} {0x000001d5614ca128} 'mergeCategory' '([CLorg/eclipse/jdt/internal/core/index/DiskIndex;[ILjava/io/OutputStream;)V' in 'org/eclipse/jdt/internal/core/index/DiskIndex')}
  0x000001d509f6f77c: 48ba 181d | ed62 d501 | 0000 ff82 | c803 0000 | e964 0500 | 0048 85db 

  0x000001d509f6f794: ;   {metadata(method data for {method} {0x000001d5614ca128} 'mergeCategory' '([CLorg/eclipse/jdt/internal/core/index/DiskIndex;[ILjava/io/OutputStream;)V' in 'org/eclipse/jdt/internal/core/index/DiskIndex')}
  0x000001d509f6f794: 7516 48bf | 181d ed62 | d501 0000 | 808f d903 | 0000 01e9 | cc00 0000 

  0x000001d509f6f7ac: ;   {metadata('org/eclipse/jdt/internal/core/index/DiskIndex$IntList')}
  0x000001d509f6f7ac: 48b8 c03d | 7e1d d501 | 0000 8b73 | 0849 ba00 | 0000 1cd5 | 0100 0049 | 03f2 483b | c60f 858d 
  0x000001d509f6f7cc: ;   {metadata(method data for {method} {0x000001d5614ca128} 'mergeCategory' '([CLorg/eclipse/jdt/internal/core/index/DiskIndex;[ILjava/io/OutputStream;)V' in 'org/eclipse/jdt/internal/core/index/DiskIndex')}
  0x000001d509f6f7cc: 0000 0048 | bf18 1ded | 62d5 0100 | 008b 4308 | 49ba 0000 | 001c d501 | 0000 4903 | c248 3b87 
  0x000001d509f6f7ec: f003 0000 | 750d 4883 | 87f8 0300 | 0001 e97e | 0000 0048 | 3b87 0004 | 0000 750d | 4883 8708 
  0x000001d509f6f80c: 0400 0001 | e968 0000 | 0048 83bf | f003 0000 | 0075 1748 | 8987 f003 | 0000 48c7 | 87f8 0300 
  0x000001d509f6f82c: 0001 0000 | 00e9 4700 | 0000 4883 | bf00 0400 | 0000 7517 | 4889 8700 | 0400 0048 | c787 0804 
  0x000001d509f6f84c: 0000 0100 | 0000 e926 | 0000 00e9 | 2100 0000 

  0x000001d509f6f85c: ;   {metadata(method data for {method} {0x000001d5614ca128} 'mergeCategory' '([CLorg/eclipse/jdt/internal/core/index/DiskIndex;[ILjava/io/OutputStream;)V' in 'org/eclipse/jdt/internal/core/index/DiskIndex')}
  0x000001d509f6f85c: 48bf 181d | ed62 d501 | 0000 4883 | afe0 0300 | 0001 e905 | 0000 00e9 | 0500 0000 | 4833 d2eb 
  0x000001d509f6f87c: 0748 c7c2 | 0100 0000 

  0x000001d509f6f884: ;   {metadata(method data for {method} {0x000001d5614ca128} 'mergeCategory' '([CLorg/eclipse/jdt/internal/core/index/DiskIndex;[ILjava/io/OutputStream;)V' in 'org/eclipse/jdt/internal/core/index/DiskIndex')}
  0x000001d509f6f884: 85d2 48ba | 181d ed62 | d501 0000 | 48c7 c618 | 0400 0074 | 0748 c7c6 | 2804 0000 | 488b 3c32 
  0x000001d509f6f8a4: 488d 7f01 | 4889 3c32 | 0f84 ff00 | 0000 4885 

  0x000001d509f6f8b4: ;   {metadata(method data for {method} {0x000001d5614ca128} 'mergeCategory' '([CLorg/eclipse/jdt/internal/core/index/DiskIndex;[ILjava/io/OutputStream;)V' in 'org/eclipse/jdt/internal/core/index/DiskIndex')}
  0x000001d509f6f8b4: db75 1648 | bf18 1ded | 62d5 0100 | 0080 8f31 | 0400 0001 | e9cc 0000 

  0x000001d509f6f8cc: ;   {metadata('org/eclipse/jdt/internal/core/index/DiskIndex$IntList')}
  0x000001d509f6f8cc: 0048 b8c0 | 3d7e 1dd5 | 0100 008b | 7308 49ba | 0000 001c | d501 0000 | 4903 f248 | 3bc6 0f85 
  0x000001d509f6f8ec: 8d00 0000 

  0x000001d509f6f8f0: ;   {metadata(method data for {method} {0x000001d5614ca128} 'mergeCategory' '([CLorg/eclipse/jdt/internal/core/index/DiskIndex;[ILjava/io/OutputStream;)V' in 'org/eclipse/jdt/internal/core/index/DiskIndex')}
  0x000001d509f6f8f0: 48bf 181d | ed62 d501 | 0000 8b43 | 0849 ba00 | 0000 1cd5 | 0100 0049 | 03c2 483b | 8748 0400 
  0x000001d509f6f910: 0075 0d48 | 8387 5004 | 0000 01e9 | 7900 0000 | 483b 8758 | 0400 0075 | 0d48 8387 | 6004 0000 
  0x000001d509f6f930: 01e9 6300 | 0000 4883 | bf48 0400 | 0000 7517 | 4889 8748 | 0400 0048 | c787 5004 | 0000 0100 
  0x000001d509f6f950: 0000 e942 | 0000 0048 | 83bf 5804 | 0000 0075 | 1748 8987 | 5804 0000 | 48c7 8760 | 0400 0001 
  0x000001d509f6f970: 0000 00e9 | 2100 0000 | e91c 0000 

  0x000001d509f6f97c: ;   {metadata(method data for {method} {0x000001d5614ca128} 'mergeCategory' '([CLorg/eclipse/jdt/internal/core/index/DiskIndex;[ILjava/io/OutputStream;)V' in 'org/eclipse/jdt/internal/core/index/DiskIndex')}
  0x000001d509f6f97c: 0048 bf18 | 1ded 62d5 | 0100 0048 | 83af 3804 | 0000 01e9 | 1a05 0000 | e900 0000 | 0048 8bd3 
  0x000001d509f6f99c: ;   {metadata(method data for {method} {0x000001d5614ca128} 'mergeCategory' '([CLorg/eclipse/jdt/internal/core/index/DiskIndex;[ILjava/io/OutputStream;)V' in 'org/eclipse/jdt/internal/core/index/DiskIndex')}
  0x000001d509f6f99c: 48be 181d | ed62 d501 | 0000 ff86 | 7004 0000 | e923 0200 | 004c 8b84 | 24b0 0000 

  0x000001d509f6f9b8: ;   {metadata('org/eclipse/jdt/internal/core/index/DiskIndex$IntList')}
  0x000001d509f6f9b8: 0048 bac0 | 3d7e 1dd5 | 0100 0049 | 8b87 b801 | 0000 488d | 7818 493b | bfc8 0100 | 000f 87dc 
  0x000001d509f6f9d8: 0400 0049 | 89bf b801 | 0000 48c7 | 0001 0000 | 0048 8bca | 49ba 0000 | 001c d501 | 0000 492b 
  0x000001d509f6f9f8: ca89 4808 | 4833 c989 | 480c 4833 | c948 8948 | 1048 85db 

  0x000001d509f6fa0c: ;   {metadata(method data for {method} {0x000001d5614ca128} 'mergeCategory' '([CLorg/eclipse/jdt/internal/core/index/DiskIndex;[ILjava/io/OutputStream;)V' in 'org/eclipse/jdt/internal/core/index/DiskIndex')}
  0x000001d509f6fa0c: 7516 48be | 181d ed62 | d501 0000 | 808e 8104 | 0000 01e9 | cd00 0000 

  0x000001d509f6fa24: ;   {metadata({type array int})}
  0x000001d509f6fa24: 48bf 0827 | 001c d501 | 0000 8b73 | 0849 ba00 | 0000 1cd5 | 0100 0049 | 03f2 483b | 7e38 0f85 
  0x000001d509f6fa44: 8d00 0000 

  0x000001d509f6fa48: ;   {metadata(method data for {method} {0x000001d5614ca128} 'mergeCategory' '([CLorg/eclipse/jdt/internal/core/index/DiskIndex;[ILjava/io/OutputStream;)V' in 'org/eclipse/jdt/internal/core/index/DiskIndex')}
  0x000001d509f6fa48: 48be 181d | ed62 d501 | 0000 8b7b | 0849 ba00 | 0000 1cd5 | 0100 0049 | 03fa 483b | be98 0400 
  0x000001d509f6fa68: 0075 0d48 | 8386 a004 | 0000 01e9 | 7900 0000 | 483b bea8 | 0400 0075 | 0d48 8386 | b004 0000 
  0x000001d509f6fa88: 01e9 6300 | 0000 4883 | be98 0400 | 0000 7517 | 4889 be98 | 0400 0048 | c786 a004 | 0000 0100 
  0x000001d509f6faa8: 0000 e942 | 0000 0048 | 83be a804 | 0000 0075 | 1748 89be | a804 0000 | 48c7 86b0 | 0400 0001 
  0x000001d509f6fac8: 0000 00e9 | 2100 0000 | e91c 0000 

  0x000001d509f6fad4: ;   {metadata(method data for {method} {0x000001d5614ca128} 'mergeCategory' '([CLorg/eclipse/jdt/internal/core/index/DiskIndex;[ILjava/io/OutputStream;)V' in 'org/eclipse/jdt/internal/core/index/DiskIndex')}
  0x000001d509f6fad4: 0048 be18 | 1ded 62d5 | 0100 0048 | 83ae 8804 | 0000 01e9 | d803 0000 | e900 0000 | 004c 8bcb 
  0x000001d509f6faf4: ;   {metadata(method data for {method} {0x000001d5614ca128} 'mergeCategory' '([CLorg/eclipse/jdt/internal/core/index/DiskIndex;[ILjava/io/OutputStream;)V' in 'org/eclipse/jdt/internal/core/index/DiskIndex')}
  0x000001d509f6faf4: 488b d048 | be18 1ded | 62d5 0100 | 0048 8386 | c004 0000 

  0x000001d509f6fb08: ;   {metadata(method data for {method} {0x000001d562de7b88} '<init>' '([I)V' in 'org/eclipse/jdt/internal/core/index/DiskIndex$IntList')}
  0x000001d509f6fb08: 0148 ba80 | 23ed 62d5 | 0100 008b | b2cc 0000 | 0083 c602 | 89b2 cc00 | 0000 81e6 | feff 1f00 
  0x000001d509f6fb28: 85f6 0f84 | 9d03 0000 

  0x000001d509f6fb30: ;   {metadata(method data for {method} {0x000001d562de7b88} '<init>' '([I)V' in 'org/eclipse/jdt/internal/core/index/DiskIndex$IntList')}
  0x000001d509f6fb30: 488b d048 | be80 23ed | 62d5 0100 | 0048 8386 | 1001 0000 

  0x000001d509f6fb44: ;   {metadata(method data for {method} {0x000001d51c474aa8} '<init>' '()V' in 'java/lang/Object')}
  0x000001d509f6fb44: 0148 ba90 | 6700 5fd5 | 0100 008b | b2cc 0000 | 0083 c602 | 89b2 cc00 | 0000 81e6 | feff 1f00 
  0x000001d509f6fb64: 85f6 0f84 | 8203 0000 | 4d8b d144 | 8950 1048 | 8d10 48c1 | ea09 48be | 0000 b104 | d501 0000 
  0x000001d509f6fb84: c604 3200 

  0x000001d509f6fb88: ; implicit exception: dispatches to 0x000001d509f6ff0f
  0x000001d509f6fb88: 458b 490c | 4489 480c | 488b 9424 | 8000 0000 

  0x000001d509f6fb98: ;   {metadata(method data for {method} {0x000001d5614ca128} 'mergeCategory' '([CLorg/eclipse/jdt/internal/core/index/DiskIndex;[ILjava/io/OutputStream;)V' in 'org/eclipse/jdt/internal/core/index/DiskIndex')}
  0x000001d509f6fb98: 49b9 181d | ed62 d501 | 0000 4983 | 81d0 0400 | 0001 4c8b | c848 8b94 | 2480 0000 | 0048 8984 
  0x000001d509f6fbb8: 24c0 0000 

  0x000001d509f6fbbc: ;   {optimized virtual_call}
  0x000001d509f6fbbc: 0066 90e8 

  0x000001d509f6fbc0: ; ImmutableOopMap {[80]=Oop [88]=Oop [96]=Oop [104]=Oop [112]=Oop [128]=Oop [144]=Oop [152]=Oop [184]=Oop [192]=Oop }
                      ;*invokevirtual put {reexecute=0 rethrow=0 return_oop=0}
                      ; - org.eclipse.jdt.internal.core.index.DiskIndex::mergeCategory@241 (line 521)
  0x000001d509f6fbc0: 9cb4 e6ff 

  0x000001d509f6fbc4: ;   {other}
  0x000001d509f6fbc4: 0f1f 8400 | 3410 0007 | 488b 9424 | c000 0000 

  0x000001d509f6fbd4: ;   {metadata(method data for {method} {0x000001d5614ca128} 'mergeCategory' '([CLorg/eclipse/jdt/internal/core/index/DiskIndex;[ILjava/io/OutputStream;)V' in 'org/eclipse/jdt/internal/core/index/DiskIndex')}
  0x000001d509f6fbd4: 49b8 181d | ed62 d501 | 0000 41ff | 8008 0500 | 00be 0000 | 0000 e97e | 0000 0090 | 89bc 24a4 
  0x000001d509f6fbf4: 0000 003b | 700c 0f83 | 1e03 0000 | 4c63 c646 | 8b44 8010 

  0x000001d509f6fc08: ; implicit exception: dispatches to 0x000001d509f6ff2c
  0x000001d509f6fc08: 483b 0248 

  0x000001d509f6fc0c: ;   {metadata(method data for {method} {0x000001d5614ca128} 'mergeCategory' '([CLorg/eclipse/jdt/internal/core/index/DiskIndex;[ILjava/io/OutputStream;)V' in 'org/eclipse/jdt/internal/core/index/DiskIndex')}
  0x000001d509f6fc0c: 8bda 48b9 | 181d ed62 | d501 0000 

  0x000001d509f6fc18: ;   {metadata('org/eclipse/jdt/internal/core/index/DiskIndex$IntList')}
  0x000001d509f6fc18: 49ba c03d | 7e1d d501 | 0000 4c89 | 9130 0500 | 0048 8381 | 3805 0000 | 0148 8bda | 488b d348 
  0x000001d509f6fc38: 8984 24b8 | 0000 0048 | 899c 24d0 | 0000 0089 | b424 c800 

  0x000001d509f6fc4c: ;   {optimized virtual_call}
  0x000001d509f6fc4c: 0000 90e8 

  0x000001d509f6fc50: ; ImmutableOopMap {[80]=Oop [88]=Oop [96]=Oop [104]=Oop [112]=Oop [128]=Oop [144]=Oop [152]=Oop [184]=Oop [208]=Oop }
                      ;*invokevirtual add {reexecute=0 rethrow=0 return_oop=0}
                      ; - org.eclipse.jdt.internal.core.index.DiskIndex::mergeCategory@258 (line 524)
  0x000001d509f6fc50: 4903 0000 

  0x000001d509f6fc54: ;   {other}
  0x000001d509f6fc54: 0f1f 8400 | c410 0008 | 8bb4 24c8 | 0000 00ff | c648 8b94 | 24d0 0000 | 0048 8b84 | 24b8 0000 
  0x000001d509f6fc74: 008b bc24 | a400 0000 | 3bf7 41b8 | 0200 0000 | 7c06 41b8 | 0000 0000 

  0x000001d509f6fc8c: ;   {metadata(method data for {method} {0x000001d5614ca128} 'mergeCategory' '([CLorg/eclipse/jdt/internal/core/index/DiskIndex;[ILjava/io/OutputStream;)V' in 'org/eclipse/jdt/internal/core/index/DiskIndex')}
  0x000001d509f6fc8c: 48bb 181d | ed62 d501 | 0000 8b8b | d000 0000 | 4103 c889 | 8bd0 0000 | 0045 85c0 | 7505 b902 
  0x000001d509f6fcac: 0000 0081 | e1fe 3f00 | 0085 c90f | 8474 0200 | 004d 8b97 

  0x000001d509f6fcc0: ; ImmutableOopMap {rdx=Oop rax=Oop [80]=Oop [88]=Oop [96]=Oop [104]=Oop [112]=Oop [128]=Oop [144]=Oop [152]=Oop }
                      ;*if_icmplt {reexecute=1 rethrow=0 return_oop=0}
                      ; - (reexecute) org.eclipse.jdt.internal.core.index.DiskIndex::mergeCategory@268 (line 523)
  0x000001d509f6fcc0: 5804 0000 

  0x000001d509f6fcc4: ;   {poll}
  0x000001d509f6fcc4: 4185 023b 

  0x000001d509f6fcc8: ;   {metadata(method data for {method} {0x000001d5614ca128} 'mergeCategory' '([CLorg/eclipse/jdt/internal/core/index/DiskIndex;[ILjava/io/OutputStream;)V' in 'org/eclipse/jdt/internal/core/index/DiskIndex')}
  0x000001d509f6fcc8: f749 b818 | 1ded 62d5 | 0100 0048 | c7c3 5805 | 0000 7c07 | 48c7 c368 | 0500 0049 | 8b0c 1848 
  0x000001d509f6fce8: 8d49 0149 | 890c 180f | 8cfb feff | ff44 8b8c | 248c 0000 | 0041 ffc1 | 448b b424 | a000 0000 
  0x000001d509f6fd08: 4c8b ac24 | 9800 0000 | 4c8b 9c24 | 9000 0000 | e96b f4ff | ff4c 8b4c | 2450 418b | 5148 483b 
  0x000001d509f6fd28: 024c 8bc2 

  0x000001d509f6fd2c: ;   {metadata(method data for {method} {0x000001d5614ca128} 'mergeCategory' '([CLorg/eclipse/jdt/internal/core/index/DiskIndex;[ILjava/io/OutputStream;)V' in 'org/eclipse/jdt/internal/core/index/DiskIndex')}
  0x000001d509f6fd2c: 49b9 181d | ed62 d501 | 0000 4983 | 8198 0500 | 0001 4c8b 

  0x000001d509f6fd40: ;   {oop(nullptr)}
  0x000001d509f6fd40: 4424 5849 | b900 0000 | 0000 0000 

  0x000001d509f6fd4c: ;   {optimized virtual_call}
  0x000001d509f6fd4c: 0066 90e8 

  0x000001d509f6fd50: ; ImmutableOopMap {[88]=Oop [104]=Oop [112]=Oop [128]=Oop }
                      ;*invokevirtual put {reexecute=0 rethrow=0 return_oop=0}
                      ; - org.eclipse.jdt.internal.core.index.DiskIndex::mergeCategory@287 (line 528)
  0x000001d509f6fd50: 0cb3 e6ff 

  0x000001d509f6fd54: ;   {other}
  0x000001d509f6fd54: 0f1f 8400 | c411 000a | 4c8b 8c24 | 8000 0000 | 488b 7424 | 704c 8b44 | 2458 488b | 5424 6848 
  0x000001d509f6fd74: ;   {metadata(method data for {method} {0x000001d5614ca128} 'mergeCategory' '([CLorg/eclipse/jdt/internal/core/index/DiskIndex;[ILjava/io/OutputStream;)V' in 'org/eclipse/jdt/internal/core/index/DiskIndex')}
  0x000001d509f6fd74: 8bfa 48bb | 181d ed62 | d501 0000 | 4883 83d0 | 0500 0001 | 488b fe0f 

  0x000001d509f6fd8c: ;   {optimized virtual_call}
  0x000001d509f6fd8c: 1f40 00e8 

  0x000001d509f6fd90: ; ImmutableOopMap {}
                      ;*invokevirtual writeCategoryTable {reexecute=0 rethrow=0 return_oop=0}
                      ; - org.eclipse.jdt.internal.core.index.DiskIndex::mergeCategory@297 (line 530)
  0x000001d509f6fd90: 8cc6 b506 

  0x000001d509f6fd94: ;   {other}
  0x000001d509f6fd94: 0f1f 8400 | 0412 000b | 4881 c4e0 | 0000 005d 

  0x000001d509f6fda4: ;   {poll_return}
  0x000001d509f6fda4: 493b a750 | 0400 000f | 87a6 0100 

  0x000001d509f6fdb0: ;   {metadata({method} {0x000001d5614ca128} 'mergeCategory' '([CLorg/eclipse/jdt/internal/core/index/DiskIndex;[ILjava/io/OutputStream;)V' in 'org/eclipse/jdt/internal/core/index/DiskIndex')}
  0x000001d509f6fdb0: 00c3 49ba | 20a1 4c61 | d501 0000 | 4c89 5424 | 0848 c704 | 24ff ffff 

  0x000001d509f6fdc8: ;   {runtime_call counter_overflow Runtime1 stub}
  0x000001d509f6fdc8: ffe8 b210 

  0x000001d509f6fdcc: ; ImmutableOopMap {rdx=Oop r8=Oop r9=Oop rdi=Oop rsi=Oop [80]=Oop [96]=Oop }
                      ;*synchronization entry
                      ; - org.eclipse.jdt.internal.core.index.DiskIndex::mergeCategory@-1 (line 487)
  0x000001d509f6fdcc: e305 e91c 

  0x000001d509f6fdd0: ;   {runtime_call throw_null_pointer_exception Runtime1 stub}
  0x000001d509f6fdd0: f1ff ffe8 

  0x000001d509f6fdd4: ; ImmutableOopMap {rdx=Oop r8=Oop rbx=Oop [80]=Oop [96]=Oop [112]=Oop }
                      ;*invokevirtual get {reexecute=0 rethrow=0 return_oop=0}
                      ; - org.eclipse.jdt.internal.core.index.DiskIndex::mergeCategory@5 (line 487)
  0x000001d509f6fdd4: 2822 da05 | 4889 0424 

  0x000001d509f6fddc: ;   {runtime_call throw_class_cast_exception Runtime1 stub}
  0x000001d509f6fddc: e89f 3de3 

  0x000001d509f6fde0: ; ImmutableOopMap {[80]=Oop [88]=Oop [96]=Oop [104]=Oop [112]=Oop }
                      ;*checkcast {reexecute=0 rethrow=0 return_oop=0}
                      ; - org.eclipse.jdt.internal.core.index.DiskIndex::mergeCategory@8 (line 487)
  0x000001d509f6fde0: 0548 8bd2 

  0x000001d509f6fde4: ;   {runtime_call fast_new_instance Runtime1 stub}
  0x000001d509f6fde4: e817 19da 

  0x000001d509f6fde8: ; ImmutableOopMap {[80]=Oop [88]=Oop [96]=Oop [104]=Oop [112]=Oop }
                      ;*new {reexecute=0 rethrow=0 return_oop=0}
                      ; - org.eclipse.jdt.internal.core.index.DiskIndex::mergeCategory@18 (line 489)
  0x000001d509f6fde8: 05e9 b3f2 

  0x000001d509f6fdec: ;   {runtime_call throw_null_pointer_exception Runtime1 stub}
  0x000001d509f6fdec: ffff e80d 

  0x000001d509f6fdf0: ; ImmutableOopMap {r9=Oop [80]=Oop [88]=Oop [96]=Oop [104]=Oop [112]=Oop [128]=Oop }
                      ;*invokevirtual readCategoryTable {reexecute=0 rethrow=0 return_oop=0}
                      ; - org.eclipse.jdt.internal.core.index.DiskIndex::mergeCategory@31 (line 491)
                      ;   {runtime_call throw_null_pointer_exception Runtime1 stub}
  0x000001d509f6fdf0: 22da 05e8 

  0x000001d509f6fdf4: ; ImmutableOopMap {rax=Oop [80]=Oop [88]=Oop [96]=Oop [104]=Oop [112]=Oop [128]=Oop }
                      ;*getfield keyTable {reexecute=1 rethrow=0 return_oop=0}
                      ; - (reexecute) org.eclipse.jdt.internal.core.index.DiskIndex::mergeCategory@43 (line 493)
  0x000001d509f6fdf4: 0822 da05 

  0x000001d509f6fdf8: ;   {runtime_call throw_null_pointer_exception Runtime1 stub}
  0x000001d509f6fdf8: e803 22da 

  0x000001d509f6fdfc: ; ImmutableOopMap {r11=Oop r13=Oop [80]=Oop [88]=Oop [96]=Oop [104]=Oop [112]=Oop [128]=Oop [144]=Oop [152]=Oop }
                      ;*arraylength {reexecute=0 rethrow=0 return_oop=0}
                      ; - org.eclipse.jdt.internal.core.index.DiskIndex::mergeCategory@60 (line 495)
                      ;   {metadata({method} {0x000001d5614ca128} 'mergeCategory' '([CLorg/eclipse/jdt/internal/core/index/DiskIndex;[ILjava/io/OutputStream;)V' in 'org/eclipse/jdt/internal/core/index/DiskIndex')}
  0x000001d509f6fdfc: 0549 ba20 | a14c 61d5 | 0100 004c | 8954 2408 | 48c7 0424 | 1601 0000 

  0x000001d509f6fe14: ;   {runtime_call counter_overflow Runtime1 stub}
  0x000001d509f6fe14: e867 10e3 

  0x000001d509f6fe18: ; ImmutableOopMap {r11=Oop r13=Oop rdi=Oop [80]=Oop [88]=Oop [96]=Oop [104]=Oop [112]=Oop [128]=Oop [144]=Oop [152]=Oop }
                      ;*if_icmplt {reexecute=1 rethrow=0 return_oop=0}
                      ; - (reexecute) org.eclipse.jdt.internal.core.index.DiskIndex::mergeCategory@278 (line 495)
  0x000001d509f6fe18: 05e9 acf3 

  0x000001d509f6fe1c: ;   {runtime_call throw_null_pointer_exception Runtime1 stub}
  0x000001d509f6fe1c: ffff e8dd 

  0x000001d509f6fe20: ; ImmutableOopMap {r13=Oop rdi=Oop r8=Oop [80]=Oop [88]=Oop [96]=Oop [104]=Oop [112]=Oop [128]=Oop [144]=Oop [152]=Oop }
                      ;*aaload {reexecute=0 rethrow=0 return_oop=0}
                      ; - org.eclipse.jdt.internal.core.index.DiskIndex::mergeCategory@82 (line 498)
                      ;   {runtime_call throw_null_pointer_exception Runtime1 stub}
  0x000001d509f6fe20: 21da 05e8 

  0x000001d509f6fe24: ; ImmutableOopMap {r13=Oop rdi=Oop r8=Oop [80]=Oop [88]=Oop [96]=Oop [104]=Oop [112]=Oop [128]=Oop [144]=Oop [152]=Oop }
                      ;*aaload {reexecute=0 rethrow=0 return_oop=0}
                      ; - org.eclipse.jdt.internal.core.index.DiskIndex::mergeCategory@82 (line 498)
  0x000001d509f6fe24: d821 da05 | 4c89 0c24 | 4c89 6c24 

  0x000001d509f6fe30: ;   {runtime_call throw_range_check_failed Runtime1 stub}
  0x000001d509f6fe30: 08e8 ca2a 

  0x000001d509f6fe34: ; ImmutableOopMap {r13=Oop rdi=Oop r8=Oop [80]=Oop [88]=Oop [96]=Oop [104]=Oop [112]=Oop [128]=Oop [144]=Oop [152]=Oop }
                      ;*aaload {reexecute=0 rethrow=0 return_oop=0}
                      ; - org.eclipse.jdt.internal.core.index.DiskIndex::mergeCategory@82 (line 498)
  0x000001d509f6fe34: da05 4889 

  0x000001d509f6fe38: ;   {runtime_call throw_class_cast_exception Runtime1 stub}
  0x000001d509f6fe38: 1c24 e841 

  0x000001d509f6fe3c: ; ImmutableOopMap {r13=Oop rdi=Oop r8=Oop [80]=Oop [88]=Oop [96]=Oop [104]=Oop [112]=Oop [128]=Oop [144]=Oop [152]=Oop }
                      ;*checkcast {reexecute=0 rethrow=0 return_oop=0}
                      ; - org.eclipse.jdt.internal.core.index.DiskIndex::mergeCategory@83 (line 498)
                      ;   {runtime_call throw_null_pointer_exception Runtime1 stub}
  0x000001d509f6fe3c: 3de3 05e8 

  0x000001d509f6fe40: ; ImmutableOopMap {r13=Oop rdi=Oop r8=Oop rsi=Oop [80]=Oop [88]=Oop [96]=Oop [104]=Oop [112]=Oop [128]=Oop [144]=Oop [152]=Oop }
                      ;*arraylength {reexecute=0 rethrow=0 return_oop=0}
                      ; - org.eclipse.jdt.internal.core.index.DiskIndex::mergeCategory@90 (line 499)
  0x000001d509f6fe40: bc21 da05 

  0x000001d509f6fe44: ;   {runtime_call new_type_array Runtime1 stub}
  0x000001d509f6fe44: e8b7 12da 

  0x000001d509f6fe48: ; ImmutableOopMap {r13=Oop r8=Oop r11=Oop r9=Oop [80]=Oop [88]=Oop [96]=Oop [104]=Oop [112]=Oop [128]=Oop [144]=Oop [152]=Oop }
                      ;*newarray {reexecute=0 rethrow=0 return_oop=0}
                      ; - org.eclipse.jdt.internal.core.index.DiskIndex::mergeCategory@95 (line 500)
  0x000001d509f6fe48: 05e9 9af5 

  0x000001d509f6fe4c: ;   {runtime_call throw_null_pointer_exception Runtime1 stub}
  0x000001d509f6fe4c: ffff e8ad 

  0x000001d509f6fe50: ; ImmutableOopMap {r8=Oop r11=Oop r9=Oop rax=Oop [80]=Oop [88]=Oop [96]=Oop [104]=Oop [112]=Oop [128]=Oop [144]=Oop [152]=Oop }
                      ;*iaload {reexecute=0 rethrow=0 return_oop=0}
                      ; - org.eclipse.jdt.internal.core.index.DiskIndex::mergeCategory@114 (line 503)
                      ;   {runtime_call throw_null_pointer_exception Runtime1 stub}
  0x000001d509f6fe50: 21da 05e8 

  0x000001d509f6fe54: ; ImmutableOopMap {r8=Oop r11=Oop r9=Oop rax=Oop [80]=Oop [88]=Oop [96]=Oop [104]=Oop [112]=Oop [128]=Oop [144]=Oop [152]=Oop }
                      ;*iaload {reexecute=0 rethrow=0 return_oop=0}
                      ; - org.eclipse.jdt.internal.core.index.DiskIndex::mergeCategory@114 (line 503)
  0x000001d509f6fe54: a821 da05 | 4889 3c24 | 4c89 5c24 

  0x000001d509f6fe60: ;   {runtime_call throw_range_check_failed Runtime1 stub}
  0x000001d509f6fe60: 08e8 9a2a 

  0x000001d509f6fe64: ; ImmutableOopMap {r8=Oop r11=Oop r9=Oop rax=Oop [80]=Oop [88]=Oop [96]=Oop [104]=Oop [112]=Oop [128]=Oop [144]=Oop [152]=Oop }
                      ;*iaload {reexecute=0 rethrow=0 return_oop=0}
                      ; - org.eclipse.jdt.internal.core.index.DiskIndex::mergeCategory@114 (line 503)
  0x000001d509f6fe64: da05 4889 | 3424 4889 

  0x000001d509f6fe6c: ;   {runtime_call throw_range_check_failed Runtime1 stub}
  0x000001d509f6fe6c: 4424 08e8 

  0x000001d509f6fe70: ; ImmutableOopMap {r8=Oop r11=Oop r9=Oop rax=Oop [80]=Oop [88]=Oop [96]=Oop [104]=Oop [112]=Oop [128]=Oop [144]=Oop [152]=Oop }
                      ;*iastore {reexecute=0 rethrow=0 return_oop=0}
                      ; - org.eclipse.jdt.internal.core.index.DiskIndex::mergeCategory@132 (line 505)
  0x000001d509f6fe70: 8c2a da05 

  0x000001d509f6fe74: ;   {metadata({method} {0x000001d5614ca128} 'mergeCategory' '([CLorg/eclipse/jdt/internal/core/index/DiskIndex;[ILjava/io/OutputStream;)V' in 'org/eclipse/jdt/internal/core/index/DiskIndex')}
  0x000001d509f6fe74: 49ba 20a1 | 4c61 d501 | 0000 4c89 | 5424 0848 | c704 248c 

  0x000001d509f6fe88: ;   {runtime_call counter_overflow Runtime1 stub}
  0x000001d509f6fe88: 0000 00e8 

  0x000001d509f6fe8c: ; ImmutableOopMap {r8=Oop r11=Oop r9=Oop rax=Oop [80]=Oop [88]=Oop [96]=Oop [104]=Oop [112]=Oop [128]=Oop [144]=Oop [152]=Oop }
                      ;*if_icmplt {reexecute=1 rethrow=0 return_oop=0}
                      ; - (reexecute) org.eclipse.jdt.internal.core.index.DiskIndex::mergeCategory@140 (line 502)
  0x000001d509f6fe8c: f00f e305 | e921 f6ff 

  0x000001d509f6fe94: ;   {runtime_call new_type_array Runtime1 stub}
  0x000001d509f6fe94: ffe8 6612 

  0x000001d509f6fe98: ; ImmutableOopMap {r8=Oop [80]=Oop [88]=Oop [96]=Oop [104]=Oop [112]=Oop [128]=Oop [144]=Oop [152]=Oop [176]=Oop }
                      ;*newarray {reexecute=0 rethrow=0 return_oop=0}
                      ; - org.eclipse.jdt.internal.core.index.DiskIndex::mergeCategory@163 (line 509)
  0x000001d509f6fe98: da05 e97a 

  0x000001d509f6fe9c: ;   {static_call}
  0x000001d509f6fe9c: f7ff ffe8 

  0x000001d509f6fea0: ; ImmutableOopMap {[80]=Oop [88]=Oop [96]=Oop [104]=Oop [112]=Oop [128]=Oop [144]=Oop [152]=Oop [168]=Oop [176]=Oop }
                      ;*invokestatic arraycopy {reexecute=0 rethrow=0 return_oop=0}
                      ; - org.eclipse.jdt.internal.core.index.DiskIndex::mergeCategory@171 (line 509)
  0x000001d509f6fea0: dcee d705 | e901 f8ff 

  0x000001d509f6fea8: ;   {runtime_call throw_null_pointer_exception Runtime1 stub}
  0x000001d509f6fea8: ffe8 5221 

  0x000001d509f6feac: ; ImmutableOopMap {rdx=Oop [80]=Oop [88]=Oop [96]=Oop [104]=Oop [112]=Oop [144]=Oop [152]=Oop [176]=Oop [184]=Oop }
                      ;*invokevirtual get {reexecute=0 rethrow=0 return_oop=0}
                      ; - org.eclipse.jdt.internal.core.index.DiskIndex::mergeCategory@178 (line 512)
  0x000001d509f6feac: da05 4889 

  0x000001d509f6feb0: ;   {runtime_call throw_class_cast_exception Runtime1 stub}
  0x000001d509f6feb0: 1c24 e8c9 

  0x000001d509f6feb4: ; ImmutableOopMap {[80]=Oop [88]=Oop [96]=Oop [104]=Oop [112]=Oop [128]=Oop [144]=Oop [152]=Oop [184]=Oop }
                      ;*checkcast {reexecute=0 rethrow=0 return_oop=0}
                      ; - org.eclipse.jdt.internal.core.index.DiskIndex::mergeCategory@213 (line 518)
  0x000001d509f6feb4: 3ce3 0548 

  0x000001d509f6feb8: ;   {runtime_call fast_new_instance Runtime1 stub}
  0x000001d509f6feb8: 8bd2 e841 

  0x000001d509f6febc: ; ImmutableOopMap {r8=Oop rbx=Oop [80]=Oop [88]=Oop [96]=Oop [104]=Oop [112]=Oop [128]=Oop [144]=Oop [152]=Oop [184]=Oop }
                      ;*new {reexecute=0 rethrow=0 return_oop=0}
                      ; - org.eclipse.jdt.internal.core.index.DiskIndex::mergeCategory@221 (line 520)
  0x000001d509f6febc: 18da 05e9 | 45fb ffff | 4889 1c24 

  0x000001d509f6fec8: ;   {runtime_call throw_class_cast_exception Runtime1 stub}
  0x000001d509f6fec8: e8b3 3ce3 

  0x000001d509f6fecc: ; ImmutableOopMap {r8=Oop rax=Oop [80]=Oop [88]=Oop [96]=Oop [104]=Oop [112]=Oop [128]=Oop [144]=Oop [152]=Oop [184]=Oop }
                      ;*checkcast {reexecute=0 rethrow=0 return_oop=0}
                      ; - org.eclipse.jdt.internal.core.index.DiskIndex::mergeCategory@227 (line 520)
                      ;   {metadata({method} {0x000001d562de7b88} '<init>' '([I)V' in 'org/eclipse/jdt/internal/core/index/DiskIndex$IntList')}
  0x000001d509f6fecc: 0549 ba80 | 7bde 62d5 | 0100 004c | 8954 2408 | 48c7 0424 | ffff ffff 

  0x000001d509f6fee4: ;   {runtime_call counter_overflow Runtime1 stub}
  0x000001d509f6fee4: e897 0fe3 

  0x000001d509f6fee8: ; ImmutableOopMap {r8=Oop rax=Oop r9=Oop [80]=Oop [88]=Oop [96]=Oop [104]=Oop [112]=Oop [128]=Oop [144]=Oop [152]=Oop [184]=Oop }
                      ;*synchronization entry
                      ; - org.eclipse.jdt.internal.core.index.DiskIndex$IntList::<init>@-1 (line 84)
                      ; - org.eclipse.jdt.internal.core.index.DiskIndex::mergeCategory@230 (line 520)
  0x000001d509f6fee8: 05e9 42fc 

  0x000001d509f6feec: ;   {metadata({method} {0x000001d51c474aa8} '<init>' '()V' in 'java/lang/Object')}
  0x000001d509f6feec: ffff 49ba | a04a 471c | d501 0000 | 4c89 5424 | 0848 c704 | 24ff ffff 

  0x000001d509f6ff04: ;   {runtime_call counter_overflow Runtime1 stub}
  0x000001d509f6ff04: ffe8 760f 

  0x000001d509f6ff08: ; ImmutableOopMap {r8=Oop rax=Oop r9=Oop [80]=Oop [88]=Oop [96]=Oop [104]=Oop [112]=Oop [128]=Oop [144]=Oop [152]=Oop [184]=Oop }
                      ;*synchronization entry
                      ; - java.lang.Object::<init>@-1
                      ; - org.eclipse.jdt.internal.core.index.DiskIndex$IntList::<init>@1 (line 84)
                      ; - org.eclipse.jdt.internal.core.index.DiskIndex::mergeCategory@230 (line 520)
  0x000001d509f6ff08: e305 e95d 

  0x000001d509f6ff0c: ;   {runtime_call throw_null_pointer_exception Runtime1 stub}
  0x000001d509f6ff0c: fcff ffe8 

  0x000001d509f6ff10: ; ImmutableOopMap {r8=Oop rax=Oop [80]=Oop [88]=Oop [96]=Oop [104]=Oop [112]=Oop [128]=Oop [144]=Oop [152]=Oop [184]=Oop }
                      ;*arraylength {reexecute=0 rethrow=0 return_oop=0}
                      ; - org.eclipse.jdt.internal.core.index.DiskIndex$IntList::<init>@11 (line 86)
                      ; - org.eclipse.jdt.internal.core.index.DiskIndex::mergeCategory@230 (line 520)
  0x000001d509f6ff10: ec20 da05 

  0x000001d509f6ff14: ;   {runtime_call throw_null_pointer_exception Runtime1 stub}
  0x000001d509f6ff14: e8e7 20da 

  0x000001d509f6ff18: ; ImmutableOopMap {rdx=Oop rax=Oop [80]=Oop [88]=Oop [96]=Oop [104]=Oop [112]=Oop [128]=Oop [144]=Oop [152]=Oop }
                      ;*iaload {reexecute=0 rethrow=0 return_oop=0}
                      ; - org.eclipse.jdt.internal.core.index.DiskIndex::mergeCategory@257 (line 524)
                      ;   {runtime_call throw_null_pointer_exception Runtime1 stub}
  0x000001d509f6ff18: 05e8 e220 

  0x000001d509f6ff1c: ; ImmutableOopMap {rdx=Oop rax=Oop [80]=Oop [88]=Oop [96]=Oop [104]=Oop [112]=Oop [128]=Oop [144]=Oop [152]=Oop }
                      ;*iaload {reexecute=0 rethrow=0 return_oop=0}
                      ; - org.eclipse.jdt.internal.core.index.DiskIndex::mergeCategory@257 (line 524)
  0x000001d509f6ff1c: da05 4889 | 3424 4889 

  0x000001d509f6ff24: ;   {runtime_call throw_range_check_failed Runtime1 stub}
  0x000001d509f6ff24: 4424 08e8 

  0x000001d509f6ff28: ; ImmutableOopMap {rdx=Oop rax=Oop [80]=Oop [88]=Oop [96]=Oop [104]=Oop [112]=Oop [128]=Oop [144]=Oop [152]=Oop }
                      ;*iaload {reexecute=0 rethrow=0 return_oop=0}
                      ; - org.eclipse.jdt.internal.core.index.DiskIndex::mergeCategory@257 (line 524)
  0x000001d509f6ff28: d429 da05 

  0x000001d509f6ff2c: ;   {runtime_call throw_null_pointer_exception Runtime1 stub}
  0x000001d509f6ff2c: e8cf 20da 

  0x000001d509f6ff30: ; ImmutableOopMap {rdx=Oop rax=Oop [80]=Oop [88]=Oop [96]=Oop [104]=Oop [112]=Oop [128]=Oop [144]=Oop [152]=Oop }
                      ;*invokevirtual add {reexecute=0 rethrow=0 return_oop=0}
                      ; - org.eclipse.jdt.internal.core.index.DiskIndex::mergeCategory@258 (line 524)
                      ;   {metadata({method} {0x000001d5614ca128} 'mergeCategory' '([CLorg/eclipse/jdt/internal/core/index/DiskIndex;[ILjava/io/OutputStream;)V' in 'org/eclipse/jdt/internal/core/index/DiskIndex')}
  0x000001d509f6ff30: 0549 ba20 | a14c 61d5 | 0100 004c | 8954 2408 | 48c7 0424 | 0c01 0000 

  0x000001d509f6ff48: ;   {runtime_call counter_overflow Runtime1 stub}
  0x000001d509f6ff48: e833 0fe3 

  0x000001d509f6ff4c: ; ImmutableOopMap {rdx=Oop rax=Oop [80]=Oop [88]=Oop [96]=Oop [104]=Oop [112]=Oop [128]=Oop [144]=Oop [152]=Oop }
                      ;*if_icmplt {reexecute=1 rethrow=0 return_oop=0}
                      ; - (reexecute) org.eclipse.jdt.internal.core.index.DiskIndex::mergeCategory@268 (line 523)
  0x000001d509f6ff4c: 05e9 6bfd 

  0x000001d509f6ff50: ;   {runtime_call throw_null_pointer_exception Runtime1 stub}
  0x000001d509f6ff50: ffff e8a9 

  0x000001d509f6ff54: ; ImmutableOopMap {rdx=Oop [88]=Oop [104]=Oop [112]=Oop [128]=Oop }
                      ;*invokevirtual put {reexecute=0 rethrow=0 return_oop=0}
                      ; - org.eclipse.jdt.internal.core.index.DiskIndex::mergeCategory@287 (line 528)
                      ;   {internal_word}
  0x000001d509f6ff54: 20da 0549 | baa4 fdf6 | 09d5 0100 | 004d 8997 | 6804 0000 

  0x000001d509f6ff68: ;   {runtime_call SafepointBlob}
  0x000001d509f6ff68: e993 4bd8 | 0549 8b87 | 0005 0000 | 49c7 8700 | 0500 0000 | 0000 0049 | c787 0805 | 0000 0000 
  0x000001d509f6ff88: 0000 4881 | c4e0 0000 

  0x000001d509f6ff90: ;   {runtime_call unwind_exception Runtime1 stub}
  0x000001d509f6ff90: 005d e969 | 2fda 05f4 
[Stub Code]
  0x000001d509f6ff98: ;   {no_reloc}
  0x000001d509f6ff98: 0f1f 4400 

  0x000001d509f6ff9c: ;   {static_stub}
  0x000001d509f6ff9c: 0048 bb88 | 7cde 62d5 

  0x000001d509f6ffa4: ;   {runtime_call I2C/C2I adapters}
  0x000001d509f6ffa4: 0100 00e9 | bb34 d805 

  0x000001d509f6ffac: ;   {static_stub}
  0x000001d509f6ffac: 48bb 0000 | 0000 0000 

  0x000001d509f6ffb4: ;   {runtime_call nmethod}
  0x000001d509f6ffb4: 0000 e9fb 

  0x000001d509f6ffb8: ;   {static_stub}
  0x000001d509f6ffb8: ffff ff48 | bb00 0000 | 0000 0000 

  0x000001d509f6ffc4: ;   {runtime_call nmethod}
  0x000001d509f6ffc4: 00e9 fbff 

  0x000001d509f6ffc8: ;   {static_stub}
  0x000001d509f6ffc8: ffff 48bb | 0000 0000 | 0000 0000 

  0x000001d509f6ffd4: ;   {runtime_call nmethod}
  0x000001d509f6ffd4: e9fb ffff 

  0x000001d509f6ffd8: ;   {static_stub}
  0x000001d509f6ffd8: ff48 bb00 | 0000 0000 

  0x000001d509f6ffe0: ;   {runtime_call nmethod}
  0x000001d509f6ffe0: 0000 00e9 | fbff ffff 

  0x000001d509f6ffe8: ;   {static_stub}
  0x000001d509f6ffe8: 48bb 0000 | 0000 0000 

  0x000001d509f6fff0: ;   {runtime_call nmethod}
  0x000001d509f6fff0: 0000 e9fb 

  0x000001d509f6fff4: ;   {static_stub}
  0x000001d509f6fff4: ffff ff48 | bb00 0000 | 0000 0000 

  0x000001d509f70000: ;   {runtime_call nmethod}
  0x000001d509f70000: 00e9 fbff | ffff 0f1f | 8000 0000 

  0x000001d509f7000c: ;   {static_stub}
  0x000001d509f7000c: 0048 bb00 | 0000 0000 

  0x000001d509f70014: ;   {runtime_call nmethod}
  0x000001d509f70014: 0000 00e9 | fbff ffff 
[Exception Handler]
  0x000001d509f7001c: ;   {runtime_call handle_exception_from_callee Runtime1 stub}
  0x000001d509f7001c: e8df fed9 

  0x000001d509f70020: ;   {external_word}
  0x000001d509f70020: 0548 b950 | 639f 45fd | 7f00 0048 

  0x000001d509f7002c: ;   {runtime_call}
  0x000001d509f7002c: 83e4 f048 | b8c0 c961 | 45fd 7f00 | 00ff d0f4 
[Deopt Handler Code]
  0x000001d509f7003c: ;   {section_word}
  0x000001d509f7003c: 49ba 3c00 | f709 d501 | 0000 4152 

  0x000001d509f70048: ;   {runtime_call DeoptimizationBlob}
  0x000001d509f70048: e953 3dd8 | 05f4 f4f4 
[/MachCode]


---------------  P R O C E S S  ---------------

Threads class SMR info:
_java_thread_list=0x000001d563b25ff0, length=35, elements={
0x000001d50556f830, 0x000001d50562ccd0, 0x000001d50562daf0, 0x000001d5054e7d40,
0x000001d5054e89a0, 0x000001d5054e9600, 0x000001d5054ec470, 0x000001d5054ed2b0,
0x000001d55e8d1320, 0x000001d55eaa23b0, 0x000001d55eb815e0, 0x000001d563867bd0,
0x000001d563728960, 0x000001d5631e42f0, 0x000001d5631f0500, 0x000001d563048720,
0x000001d55e8c2220, 0x000001d563a96450, 0x000001d563b0bea0, 0x000001d55e8c5040,
0x000001d55e8c3c90, 0x000001d55e8c5d60, 0x000001d55e8c63f0, 0x000001d55e8c2f70,
0x000001d55e8c6a80, 0x000001d55e8c3600, 0x000001d55e8c9870, 0x000001d55e8c8b50,
0x000001d55e8c91e0, 0x000001d55e8c9f00, 0x000001d55e8c84c0, 0x000001d55e8c77a0,
0x000001d564f56490, 0x000001d564f536a0, 0x000001d564f55770
}

Java Threads: ( => current thread )
  0x000001d50556f830 JavaThread "main"                              [_thread_blocked, id=10476, stack(0x0000009d66100000,0x0000009d66200000) (1024K)]
  0x000001d50562ccd0 JavaThread "Reference Handler"          daemon [_thread_blocked, id=22368, stack(0x0000009d66500000,0x0000009d66600000) (1024K)]
  0x000001d50562daf0 JavaThread "Finalizer"                  daemon [_thread_blocked, id=4576, stack(0x0000009d66600000,0x0000009d66700000) (1024K)]
  0x000001d5054e7d40 JavaThread "Signal Dispatcher"          daemon [_thread_blocked, id=19840, stack(0x0000009d66700000,0x0000009d66800000) (1024K)]
  0x000001d5054e89a0 JavaThread "Attach Listener"            daemon [_thread_blocked, id=23144, stack(0x0000009d66800000,0x0000009d66900000) (1024K)]
  0x000001d5054e9600 JavaThread "Service Thread"             daemon [_thread_blocked, id=2664, stack(0x0000009d66900000,0x0000009d66a00000) (1024K)]
  0x000001d5054ec470 JavaThread "Monitor Deflation Thread"   daemon [_thread_blocked, id=21936, stack(0x0000009d66a00000,0x0000009d66b00000) (1024K)]
  0x000001d5054ed2b0 JavaThread "C2 CompilerThread0"         daemon [_thread_blocked, id=10864, stack(0x0000009d66b00000,0x0000009d66c00000) (1024K)]
  0x000001d55e8d1320 JavaThread "C1 CompilerThread0"         daemon [_thread_blocked, id=22016, stack(0x0000009d66c00000,0x0000009d66d00000) (1024K)]
  0x000001d55eaa23b0 JavaThread "Common-Cleaner"             daemon [_thread_blocked, id=11828, stack(0x0000009d66d00000,0x0000009d66e00000) (1024K)]
  0x000001d55eb815e0 JavaThread "Notification Thread"        daemon [_thread_blocked, id=23164, stack(0x0000009d66e00000,0x0000009d66f00000) (1024K)]
  0x000001d563867bd0 JavaThread "Active Thread: Equinox Container: d4784abc-2f0c-435c-b8ce-11c7eb8d9acc"        [_thread_blocked, id=23236, stack(0x0000009d66f00000,0x0000009d67000000) (1024K)]
  0x000001d563728960 JavaThread "Refresh Thread: Equinox Container: d4784abc-2f0c-435c-b8ce-11c7eb8d9acc" daemon [_thread_blocked, id=1636, stack(0x0000009d67700000,0x0000009d67800000) (1024K)]
  0x000001d5631e42f0 JavaThread "Framework Event Dispatcher: Equinox Container: d4784abc-2f0c-435c-b8ce-11c7eb8d9acc" daemon [_thread_blocked, id=13860, stack(0x0000009d67800000,0x0000009d67900000) (1024K)]
  0x000001d5631f0500 JavaThread "Start Level: Equinox Container: d4784abc-2f0c-435c-b8ce-11c7eb8d9acc" daemon [_thread_blocked, id=11856, stack(0x0000009d67900000,0x0000009d67a00000) (1024K)]
  0x000001d563048720 JavaThread "Bundle File Closer"         daemon [_thread_blocked, id=6800, stack(0x0000009d67a00000,0x0000009d67b00000) (1024K)]
  0x000001d55e8c2220 JavaThread "SCR Component Actor"        daemon [_thread_blocked, id=17088, stack(0x0000009d65f00000,0x0000009d66000000) (1024K)]
  0x000001d563a96450 JavaThread "Worker-JM"                         [_thread_blocked, id=16356, stack(0x0000009d67d00000,0x0000009d67e00000) (1024K)]
  0x000001d563b0bea0 JavaThread "JNA Cleaner"                daemon [_thread_blocked, id=11280, stack(0x0000009d67b00000,0x0000009d67c00000) (1024K)]
=>0x000001d55e8c5040 JavaThread "Java indexing"              daemon [_thread_in_vm, id=11884, stack(0x0000009d68100000,0x0000009d68200000) (1024K)]
  0x000001d55e8c3c90 JavaThread "Thread-1"                   daemon [_thread_in_native, id=8080, stack(0x0000009d68700000,0x0000009d68800000) (1024K)]
  0x000001d55e8c5d60 JavaThread "Thread-2"                   daemon [_thread_in_native, id=20224, stack(0x0000009d68800000,0x0000009d68900000) (1024K)]
  0x000001d55e8c63f0 JavaThread "Thread-3"                   daemon [_thread_in_native, id=14720, stack(0x0000009d68900000,0x0000009d68a00000) (1024K)]
  0x000001d55e8c2f70 JavaThread "Thread-4"                   daemon [_thread_in_native, id=19636, stack(0x0000009d68a00000,0x0000009d68b00000) (1024K)]
  0x000001d55e8c6a80 JavaThread "Thread-5"                   daemon [_thread_in_native, id=15632, stack(0x0000009d68b00000,0x0000009d68c00000) (1024K)]
  0x000001d55e8c3600 JavaThread "Thread-6"                   daemon [_thread_in_native, id=26104, stack(0x0000009d68c00000,0x0000009d68d00000) (1024K)]
  0x000001d55e8c9870 JavaThread "Thread-7"                   daemon [_thread_in_native, id=9344, stack(0x0000009d68d00000,0x0000009d68e00000) (1024K)]
  0x000001d55e8c8b50 JavaThread "Thread-8"                   daemon [_thread_in_native, id=16964, stack(0x0000009d68e00000,0x0000009d68f00000) (1024K)]
  0x000001d55e8c91e0 JavaThread "Thread-9"                   daemon [_thread_in_native, id=17188, stack(0x0000009d68f00000,0x0000009d69000000) (1024K)]
  0x000001d55e8c9f00 JavaThread "pool-2-thread-1"                   [_thread_blocked, id=24528, stack(0x0000009d69000000,0x0000009d69100000) (1024K)]
  0x000001d55e8c84c0 JavaThread "WorkspaceEventsHandler"            [_thread_blocked, id=15220, stack(0x0000009d69100000,0x0000009d69200000) (1024K)]
  0x000001d55e8c77a0 JavaThread "pool-1-thread-1"                   [_thread_blocked, id=6520, stack(0x0000009d69200000,0x0000009d69300000) (1024K)]
  0x000001d564f56490 JavaThread "Worker-6"                          [_thread_blocked, id=15832, stack(0x0000009d67c00000,0x0000009d67d00000) (1024K)]
  0x000001d564f536a0 JavaThread "Compiler Source File Reader" daemon [_thread_blocked, id=2136, stack(0x0000009d67f00000,0x0000009d68000000) (1024K)]
  0x000001d564f55770 JavaThread "Worker-8"                          [_thread_blocked, id=2840, stack(0x0000009d65e00000,0x0000009d65f00000) (1024K)]
Total: 35

Other Threads:
  0x000001d5056125b0 VMThread "VM Thread"                           [id=8360, stack(0x0000009d66400000,0x0000009d66500000) (1024K)] _threads_hazard_ptr=0x000001d563b25ff0
  0x000001d5053fca00 WatcherThread "VM Periodic Task Thread"        [id=25404, stack(0x0000009d66300000,0x0000009d66400000) (1024K)]
  0x000001d50558df10 WorkerThread "GC Thread#0"                     [id=25704, stack(0x0000009d66200000,0x0000009d66300000) (1024K)]
  0x000001d55ec16240 WorkerThread "GC Thread#1"                     [id=17588, stack(0x0000009d67000000,0x0000009d67100000) (1024K)]
  0x000001d5632ffd30 WorkerThread "GC Thread#2"                     [id=17240, stack(0x0000009d67100000,0x0000009d67200000) (1024K)]
  0x000001d5633000e0 WorkerThread "GC Thread#3"                     [id=19172, stack(0x0000009d67200000,0x0000009d67300000) (1024K)]
  0x000001d563300490 WorkerThread "GC Thread#4"                     [id=14620, stack(0x0000009d67300000,0x0000009d67400000) (1024K)]
  0x000001d563488c20 WorkerThread "GC Thread#5"                     [id=21596, stack(0x0000009d67400000,0x0000009d67500000) (1024K)]
  0x000001d55ec1ab40 WorkerThread "GC Thread#6"                     [id=6448, stack(0x0000009d67500000,0x0000009d67600000) (1024K)]
  0x000001d505517db0 WorkerThread "GC Thread#7"                     [id=18848, stack(0x0000009d67600000,0x0000009d67700000) (1024K)]
Total: 10

Threads with active compile tasks:
C2 CompilerThread0  2613785 12755  s    4       java.util.Hashtable::putAll (52 bytes)
Total: 1

VM state: synchronizing (normal execution)

VM Mutex/Monitor currently owned by a thread:  ([mutex/lock_event])
[0x00007ffd45caf5b0] Threads_lock - owner thread: 0x000001d5056125b0
[0x00007ffd45caf6b0] Heap_lock - owner thread: 0x000001d55e8c5040
[0x00007ffd45cafb30] PSOldGenExpand_lock - owner thread: 0x000001d55e8c5040

Heap address: 0x0000000080000000, size: 2048 MB, Compressed Oops mode: 32-bit

CDS archive(s) mapped at: [0x000001d51c000000-0x000001d51cba0000-0x000001d51cba0000), size 12189696, SharedBaseAddress: 0x000001d51c000000, ArchiveRelocationMode: 1.
Compressed class space mapped at: 0x000001d51d000000-0x000001d55d000000, reserved size: 1073741824
Narrow klass base: 0x000001d51c000000, Narrow klass shift: 0, Narrow klass range: 0x100000000

GC Precious Log:
 CardTable entry size: 512
 CPUs: 8 total, 8 available
 Memory: 15647M
 Large Page Support: Disabled
 NUMA Support: Disabled
 Compressed Oops: Enabled (32-bit)
 Alignments: Space 512K, Generation 512K, Heap 2M
 Heap Min Capacity: 100M
 Heap Initial Capacity: 100M
 Heap Max Capacity: 2G
 Pre-touch: Disabled
 Parallel Workers: 8

Heap:
 PSYoungGen      total 18432K, used 8417K [0x00000000d5580000, 0x00000000d7100000, 0x0000000100000000)
  eden space 16384K, 41% used [0x00000000d5580000,0x00000000d5c31290,0x00000000d6580000)
  from space 2048K, 76% used [0x00000000d6f00000,0x00000000d7087560,0x00000000d7100000)
  to   space 2048K, 0% used [0x00000000d6d00000,0x00000000d6d00000,0x00000000d6f00000)
 ParOldGen       total 82432K, used 82298K [0x0000000080000000, 0x00000000c6c80000, 0x00000000d5580000)
  object space 82432K, 99% used [0x0000000080000000,0x000000008505ea40,0x0000000085080000)
 Metaspace       used 71550K, committed 73088K, reserved 1114112K
  class space    used 7591K, committed 8256K, reserved 1048576K

Card table byte_map: [0x000001d504f10000,0x000001d505320000] _byte_map_base: 0x000001d504b10000

Marking Bits: (ParMarkBitMap*) 0x00007ffd45cb44a0
 Begin Bits: [0x000001d517a20000, 0x000001d519a20000)
 End Bits:   [0x000001d519a20000, 0x000001d51ba20000)

Polling page: 0x000001d503390000

Metaspace:

Usage:
  Non-class:     62.46 MB used.
      Class:      7.41 MB used.
       Both:     69.87 MB used.

Virtual space:
  Non-class space:       64.00 MB reserved,      63.31 MB ( 99%) committed,  1 nodes.
      Class space:        1.00 GB reserved,       8.06 MB ( <1%) committed,  1 nodes.
             Both:        1.06 GB reserved,      71.38 MB (  7%) committed. 

Chunk freelists:
   Non-Class:  400.00 KB
       Class:  7.91 MB
        Both:  8.30 MB

MaxMetaspaceSize: unlimited
CompressedClassSpaceSize: 1.00 GB
Initial GC threshold: 21.00 MB
Current GC threshold: 98.12 MB
CDS: on
 - commit_granule_bytes: 65536.
 - commit_granule_words: 8192.
 - virtual_space_node_default_size: 8388608.
 - enlarge_chunks_in_place: 1.
 - use_allocation_guard: 0.


Internal statistics:

num_allocs_failed_limit: 13.
num_arena_births: 1212.
num_arena_deaths: 14.
num_vsnodes_births: 2.
num_vsnodes_deaths: 0.
num_space_committed: 1142.
num_space_uncommitted: 0.
num_chunks_returned_to_freelist: 27.
num_chunks_taken_from_freelist: 4403.
num_chunk_merges: 12.
num_chunk_splits: 2703.
num_chunks_enlarged: 1506.
num_inconsistent_stats: 0.

CodeHeap 'non-profiled nmethods': size=120000Kb used=9345Kb max_used=9345Kb free=110655Kb
 bounds [0x000001d510240000, 0x000001d510b70000, 0x000001d517770000]
CodeHeap 'profiled nmethods': size=120000Kb used=26507Kb max_used=26507Kb free=93492Kb
 bounds [0x000001d508770000, 0x000001d50a160000, 0x000001d50fca0000]
CodeHeap 'non-nmethods': size=5760Kb used=1483Kb max_used=1544Kb free=4276Kb
 bounds [0x000001d50fca0000, 0x000001d50ff10000, 0x000001d510240000]
CodeCache: size=245760Kb, used=37335Kb, max_used=37396Kb, free=208423Kb
 total_blobs=12746, nmethods=11943, adapters=708, full_count=0
Compilation: enabled, stopped_count=0, restarted_count=0

Compilation events (20 events):
Event: 2613.330 Thread 0x000001d55e8d1320 12748       3       org.eclipse.jdt.internal.core.index.Index::hasChanged (8 bytes)
Event: 2613.330 Thread 0x000001d55e8d1320 nmethod 12748 0x000001d50a14c910 code [0x000001d50a14cac0, 0x000001d50a14cc90]
Event: 2613.330 Thread 0x000001d55e8d1320 12749       3       java.util.regex.Pattern::range (294 bytes)
Event: 2613.333 Thread 0x000001d55e8d1320 nmethod 12749 0x000001d50a14cd90 code [0x000001d50a14d200, 0x000001d50a14ed00]
Event: 2613.333 Thread 0x000001d55e8d1320 12750       3       com.google.gson.reflect.TypeToken::<init> (41 bytes)
Event: 2613.334 Thread 0x000001d55e8d1320 nmethod 12750 0x000001d50a14f710 code [0x000001d50a14f920, 0x000001d50a14fe70]
Event: 2613.334 Thread 0x000001d55e8d1320 12751       3       org.eclipse.core.internal.content.ContentType::getAliasTarget (20 bytes)
Event: 2613.335 Thread 0x000001d55e8d1320 nmethod 12751 0x000001d50a150010 code [0x000001d50a1501c0, 0x000001d50a150370]
Event: 2613.335 Thread 0x000001d55e8d1320 12752       3       org.eclipse.core.internal.content.ContentType::getDepth (52 bytes)
Event: 2613.335 Thread 0x000001d55e8d1320 nmethod 12752 0x000001d50a150410 code [0x000001d50a1505e0, 0x000001d50a150858]
Event: 2613.335 Thread 0x000001d55e8d1320 12753       1       org.eclipse.core.internal.content.ContentType::getPriority (5 bytes)
Event: 2613.336 Thread 0x000001d55e8d1320 nmethod 12753 0x000001d510b5ef10 code [0x000001d510b5f0a0, 0x000001d510b5f170]
Event: 2613.341 Thread 0x000001d5054ed2b0 nmethod 12746 0x000001d510b5f210 code [0x000001d510b5f3e0, 0x000001d510b5f9a8]
Event: 2613.341 Thread 0x000001d5054ed2b0 12755  s    4       java.util.Hashtable::putAll (52 bytes)
Event: 2613.344 Thread 0x000001d55e8d1320 12756       1       org.eclipse.core.internal.content.ContentTypeMatcher::getPolicy (5 bytes)
Event: 2613.348 Thread 0x000001d55e8d1320 nmethod 12756 0x000001d510b5fe10 code [0x000001d510b5ffa0, 0x000001d510b60068]
Event: 2613.348 Thread 0x000001d55e8d1320 12758       3       org.eclipse.core.internal.content.ContentTypeCatalog::selectMatchingByName (85 bytes)
Event: 2613.349 Thread 0x000001d55e8d1320 nmethod 12758 0x000001d50a150910 code [0x000001d50a150c00, 0x000001d50a151e50]
Event: 2613.350 Thread 0x000001d55e8d1320 12757       3       org.eclipse.core.internal.content.ContentTypeCatalog::getDirectlyAssociated (81 bytes)
Event: 2613.350 Thread 0x000001d55e8d1320 nmethod 12757 0x000001d50a152390 code [0x000001d50a1525a0, 0x000001d50a152c48]

GC Heap History (20 events):
Event: 63.634 GC heap before
{Heap before GC invocations=66 (full 3):
 PSYoungGen      total 17920K, used 17709K [0x00000000d5580000, 0x00000000d6a00000, 0x0000000100000000)
  eden space 16384K, 100% used [0x00000000d5580000,0x00000000d6580000,0x00000000d6580000)
  from space 1536K, 86% used [0x00000000d6880000,0x00000000d69cb4a0,0x00000000d6a00000)
  to   space 2048K, 0% used [0x00000000d6600000,0x00000000d6600000,0x00000000d6800000)
 ParOldGen       total 68608K, used 63425K [0x0000000080000000, 0x0000000084300000, 0x00000000d5580000)
  object space 68608K, 92% used [0x0000000080000000,0x0000000083df0560,0x0000000084300000)
 Metaspace       used 65527K, committed 66944K, reserved 1114112K
  class space    used 7047K, committed 7680K, reserved 1048576K
}
Event: 63.638 GC heap after
{Heap after GC invocations=66 (full 3):
 PSYoungGen      total 17920K, used 1535K [0x00000000d5580000, 0x00000000d6980000, 0x0000000100000000)
  eden space 16384K, 0% used [0x00000000d5580000,0x00000000d5580000,0x00000000d6580000)
  from space 1536K, 99% used [0x00000000d6600000,0x00000000d677fda0,0x00000000d6780000)
  to   space 2048K, 0% used [0x00000000d6780000,0x00000000d6780000,0x00000000d6980000)
 ParOldGen       total 68608K, used 63617K [0x0000000080000000, 0x0000000084300000, 0x00000000d5580000)
  object space 68608K, 92% used [0x0000000080000000,0x0000000083e20560,0x0000000084300000)
 Metaspace       used 65527K, committed 66944K, reserved 1114112K
  class space    used 7047K, committed 7680K, reserved 1048576K
}
Event: 325.645 GC heap before
{Heap before GC invocations=67 (full 3):
 PSYoungGen      total 17920K, used 17913K [0x00000000d5580000, 0x00000000d6980000, 0x0000000100000000)
  eden space 16384K, 99% used [0x00000000d5580000,0x00000000d657e9e0,0x00000000d6580000)
  from space 1536K, 99% used [0x00000000d6600000,0x00000000d677fda0,0x00000000d6780000)
  to   space 2048K, 0% used [0x00000000d6780000,0x00000000d6780000,0x00000000d6980000)
 ParOldGen       total 68608K, used 63617K [0x0000000080000000, 0x0000000084300000, 0x00000000d5580000)
  object space 68608K, 92% used [0x0000000080000000,0x0000000083e20560,0x0000000084300000)
 Metaspace       used 67585K, committed 68992K, reserved 1114112K
  class space    used 7250K, committed 7872K, reserved 1048576K
}
Event: 325.649 GC heap after
{Heap after GC invocations=67 (full 3):
 PSYoungGen      total 16896K, used 480K [0x00000000d5580000, 0x00000000d6800000, 0x0000000100000000)
  eden space 16384K, 0% used [0x00000000d5580000,0x00000000d5580000,0x00000000d6580000)
  from space 512K, 93% used [0x00000000d6780000,0x00000000d67f8000,0x00000000d6800000)
  to   space 1024K, 0% used [0x00000000d6600000,0x00000000d6600000,0x00000000d6700000)
 ParOldGen       total 68608K, used 63721K [0x0000000080000000, 0x0000000084300000, 0x00000000d5580000)
  object space 68608K, 92% used [0x0000000080000000,0x0000000083e3a560,0x0000000084300000)
 Metaspace       used 67585K, committed 68992K, reserved 1114112K
  class space    used 7250K, committed 7872K, reserved 1048576K
}
Event: 1284.315 GC heap before
{Heap before GC invocations=68 (full 3):
 PSYoungGen      total 16896K, used 16864K [0x00000000d5580000, 0x00000000d6800000, 0x0000000100000000)
  eden space 16384K, 100% used [0x00000000d5580000,0x00000000d6580000,0x00000000d6580000)
  from space 512K, 93% used [0x00000000d6780000,0x00000000d67f8000,0x00000000d6800000)
  to   space 1024K, 0% used [0x00000000d6600000,0x00000000d6600000,0x00000000d6700000)
 ParOldGen       total 68608K, used 63721K [0x0000000080000000, 0x0000000084300000, 0x00000000d5580000)
  object space 68608K, 92% used [0x0000000080000000,0x0000000083e3a560,0x0000000084300000)
 Metaspace       used 68694K, committed 70144K, reserved 1114112K
  class space    used 7362K, committed 8000K, reserved 1048576K
}
Event: 1284.318 GC heap after
{Heap after GC invocations=68 (full 3):
 PSYoungGen      total 17408K, used 992K [0x00000000d5580000, 0x00000000d6980000, 0x0000000100000000)
  eden space 16384K, 0% used [0x00000000d5580000,0x00000000d5580000,0x00000000d6580000)
  from space 1024K, 96% used [0x00000000d6600000,0x00000000d66f8020,0x00000000d6700000)
  to   space 2048K, 0% used [0x00000000d6780000,0x00000000d6780000,0x00000000d6980000)
 ParOldGen       total 68608K, used 64113K [0x0000000080000000, 0x0000000084300000, 0x00000000d5580000)
  object space 68608K, 93% used [0x0000000080000000,0x0000000083e9c560,0x0000000084300000)
 Metaspace       used 68694K, committed 70144K, reserved 1114112K
  class space    used 7362K, committed 8000K, reserved 1048576K
}
Event: 2187.451 GC heap before
{Heap before GC invocations=69 (full 3):
 PSYoungGen      total 17408K, used 17376K [0x00000000d5580000, 0x00000000d6980000, 0x0000000100000000)
  eden space 16384K, 100% used [0x00000000d5580000,0x00000000d6580000,0x00000000d6580000)
  from space 1024K, 96% used [0x00000000d6600000,0x00000000d66f8020,0x00000000d6700000)
  to   space 2048K, 0% used [0x00000000d6780000,0x00000000d6780000,0x00000000d6980000)
 ParOldGen       total 68608K, used 64113K [0x0000000080000000, 0x0000000084300000, 0x00000000d5580000)
  object space 68608K, 93% used [0x0000000080000000,0x0000000083e9c560,0x0000000084300000)
 Metaspace       used 69115K, committed 70592K, reserved 1114112K
  class space    used 7380K, committed 8064K, reserved 1048576K
}
Event: 2187.459 GC heap after
{Heap after GC invocations=69 (full 3):
 PSYoungGen      total 17920K, used 1188K [0x00000000d5580000, 0x00000000d6900000, 0x0000000100000000)
  eden space 16384K, 0% used [0x00000000d5580000,0x00000000d5580000,0x00000000d6580000)
  from space 1536K, 77% used [0x00000000d6780000,0x00000000d68a9290,0x00000000d6900000)
  to   space 1536K, 0% used [0x00000000d6600000,0x00000000d6600000,0x00000000d6780000)
 ParOldGen       total 68608K, used 64873K [0x0000000080000000, 0x0000000084300000, 0x00000000d5580000)
  object space 68608K, 94% used [0x0000000080000000,0x0000000083f5a560,0x0000000084300000)
 Metaspace       used 69115K, committed 70592K, reserved 1114112K
  class space    used 7380K, committed 8064K, reserved 1048576K
}
Event: 2207.885 GC heap before
{Heap before GC invocations=70 (full 3):
 PSYoungGen      total 17920K, used 17565K [0x00000000d5580000, 0x00000000d6900000, 0x0000000100000000)
  eden space 16384K, 99% used [0x00000000d5580000,0x00000000d657e390,0x00000000d6580000)
  from space 1536K, 77% used [0x00000000d6780000,0x00000000d68a9290,0x00000000d6900000)
  to   space 1536K, 0% used [0x00000000d6600000,0x00000000d6600000,0x00000000d6780000)
 ParOldGen       total 68608K, used 64873K [0x0000000080000000, 0x0000000084300000, 0x00000000d5580000)
  object space 68608K, 94% used [0x0000000080000000,0x0000000083f5a560,0x0000000084300000)
 Metaspace       used 69720K, committed 71104K, reserved 1114112K
  class space    used 7448K, committed 8064K, reserved 1048576K
}
Event: 2207.892 GC heap after
{Heap after GC invocations=70 (full 3):
 PSYoungGen      total 17408K, used 912K [0x00000000d5580000, 0x00000000d6880000, 0x0000000100000000)
  eden space 16384K, 0% used [0x00000000d5580000,0x00000000d5580000,0x00000000d6580000)
  from space 1024K, 89% used [0x00000000d6600000,0x00000000d66e4030,0x00000000d6700000)
  to   space 1536K, 0% used [0x00000000d6700000,0x00000000d6700000,0x00000000d6880000)
 ParOldGen       total 68608K, used 65565K [0x0000000080000000, 0x0000000084300000, 0x00000000d5580000)
  object space 68608K, 95% used [0x0000000080000000,0x00000000840075a8,0x0000000084300000)
 Metaspace       used 69720K, committed 71104K, reserved 1114112K
  class space    used 7448K, committed 8064K, reserved 1048576K
}
Event: 2209.103 GC heap before
{Heap before GC invocations=71 (full 3):
 PSYoungGen      total 17408K, used 17296K [0x00000000d5580000, 0x00000000d6880000, 0x0000000100000000)
  eden space 16384K, 100% used [0x00000000d5580000,0x00000000d6580000,0x00000000d6580000)
  from space 1024K, 89% used [0x00000000d6600000,0x00000000d66e4030,0x00000000d6700000)
  to   space 1536K, 0% used [0x00000000d6700000,0x00000000d6700000,0x00000000d6880000)
 ParOldGen       total 68608K, used 65565K [0x0000000080000000, 0x0000000084300000, 0x00000000d5580000)
  object space 68608K, 95% used [0x0000000080000000,0x00000000840075a8,0x0000000084300000)
 Metaspace       used 70500K, committed 72000K, reserved 1114112K
  class space    used 7535K, committed 8192K, reserved 1048576K
}
Event: 2209.106 GC heap after
{Heap after GC invocations=71 (full 3):
 PSYoungGen      total 17920K, used 1024K [0x00000000d5580000, 0x00000000d6880000, 0x0000000100000000)
  eden space 16384K, 0% used [0x00000000d5580000,0x00000000d5580000,0x00000000d6580000)
  from space 1536K, 66% used [0x00000000d6700000,0x00000000d6800000,0x00000000d6880000)
  to   space 1536K, 0% used [0x00000000d6580000,0x00000000d6580000,0x00000000d6700000)
 ParOldGen       total 68608K, used 66339K [0x0000000080000000, 0x0000000084300000, 0x00000000d5580000)
  object space 68608K, 96% used [0x0000000080000000,0x00000000840c8ee8,0x0000000084300000)
 Metaspace       used 70500K, committed 72000K, reserved 1114112K
  class space    used 7535K, committed 8192K, reserved 1048576K
}
Event: 2209.797 GC heap before
{Heap before GC invocations=72 (full 3):
 PSYoungGen      total 17920K, used 17291K [0x00000000d5580000, 0x00000000d6880000, 0x0000000100000000)
  eden space 16384K, 99% used [0x00000000d5580000,0x00000000d6562ce0,0x00000000d6580000)
  from space 1536K, 66% used [0x00000000d6700000,0x00000000d6800000,0x00000000d6880000)
  to   space 1536K, 0% used [0x00000000d6580000,0x00000000d6580000,0x00000000d6700000)
 ParOldGen       total 68608K, used 66339K [0x0000000080000000, 0x0000000084300000, 0x00000000d5580000)
  object space 68608K, 96% used [0x0000000080000000,0x00000000840c8ee8,0x0000000084300000)
 Metaspace       used 70655K, committed 72128K, reserved 1114112K
  class space    used 7552K, committed 8192K, reserved 1048576K
}
Event: 2209.808 GC heap after
{Heap after GC invocations=72 (full 3):
 PSYoungGen      total 17920K, used 1525K [0x00000000d5580000, 0x00000000d7e80000, 0x0000000100000000)
  eden space 16384K, 0% used [0x00000000d5580000,0x00000000d5580000,0x00000000d6580000)
  from space 1536K, 99% used [0x00000000d6580000,0x00000000d66fd760,0x00000000d6700000)
  to   space 12800K, 0% used [0x00000000d7200000,0x00000000d7200000,0x00000000d7e80000)
 ParOldGen       total 76288K, used 75833K [0x0000000080000000, 0x0000000084a80000, 0x00000000d5580000)
  object space 76288K, 99% used [0x0000000080000000,0x0000000084a0e750,0x0000000084a80000)
 Metaspace       used 70655K, committed 72128K, reserved 1114112K
  class space    used 7552K, committed 8192K, reserved 1048576K
}
Event: 2213.066 GC heap before
{Heap before GC invocations=73 (full 3):
 PSYoungGen      total 17920K, used 17909K [0x00000000d5580000, 0x00000000d7e80000, 0x0000000100000000)
  eden space 16384K, 100% used [0x00000000d5580000,0x00000000d6580000,0x00000000d6580000)
  from space 1536K, 99% used [0x00000000d6580000,0x00000000d66fd760,0x00000000d6700000)
  to   space 12800K, 0% used [0x00000000d7200000,0x00000000d7200000,0x00000000d7e80000)
 ParOldGen       total 76288K, used 75833K [0x0000000080000000, 0x0000000084a80000, 0x00000000d5580000)
  object space 76288K, 99% used [0x0000000080000000,0x0000000084a0e750,0x0000000084a80000)
 Metaspace       used 70847K, committed 72256K, reserved 1114112K
  class space    used 7559K, committed 8192K, reserved 1048576K
}
Event: 2213.072 GC heap after
{Heap after GC invocations=73 (full 3):
 PSYoungGen      total 23040K, used 6373K [0x00000000d5580000, 0x00000000d7880000, 0x0000000100000000)
  eden space 16384K, 0% used [0x00000000d5580000,0x00000000d5580000,0x00000000d6580000)
  from space 6656K, 95% used [0x00000000d7200000,0x00000000d7839730,0x00000000d7880000)
  to   space 8192K, 0% used [0x00000000d6880000,0x00000000d6880000,0x00000000d7080000)
 ParOldGen       total 76288K, used 75889K [0x0000000080000000, 0x0000000084a80000, 0x00000000d5580000)
  object space 76288K, 99% used [0x0000000080000000,0x0000000084a1c750,0x0000000084a80000)
 Metaspace       used 70847K, committed 72256K, reserved 1114112K
  class space    used 7559K, committed 8192K, reserved 1048576K
}
Event: 2231.831 GC heap before
{Heap before GC invocations=74 (full 3):
 PSYoungGen      total 23040K, used 22757K [0x00000000d5580000, 0x00000000d7880000, 0x0000000100000000)
  eden space 16384K, 100% used [0x00000000d5580000,0x00000000d6580000,0x00000000d6580000)
  from space 6656K, 95% used [0x00000000d7200000,0x00000000d7839730,0x00000000d7880000)
  to   space 8192K, 0% used [0x00000000d6880000,0x00000000d6880000,0x00000000d7080000)
 ParOldGen       total 76288K, used 75889K [0x0000000080000000, 0x0000000084a80000, 0x00000000d5580000)
  object space 76288K, 99% used [0x0000000080000000,0x0000000084a1c750,0x0000000084a80000)
 Metaspace       used 71174K, committed 72704K, reserved 1114112K
  class space    used 7583K, committed 8256K, reserved 1048576K
}
Event: 2231.840 GC heap after
{Heap after GC invocations=74 (full 3):
 PSYoungGen      total 17408K, used 752K [0x00000000d5580000, 0x00000000d7280000, 0x0000000100000000)
  eden space 16384K, 0% used [0x00000000d5580000,0x00000000d5580000,0x00000000d6580000)
  from space 1024K, 73% used [0x00000000d6880000,0x00000000d693c050,0x00000000d6980000)
  to   space 3584K, 0% used [0x00000000d6f00000,0x00000000d6f00000,0x00000000d7280000)
 ParOldGen       total 82432K, used 82066K [0x0000000080000000, 0x0000000085080000, 0x00000000d5580000)
  object space 82432K, 99% used [0x0000000080000000,0x0000000085024a00,0x0000000085080000)
 Metaspace       used 71174K, committed 72704K, reserved 1114112K
  class space    used 7583K, committed 8256K, reserved 1048576K
}
Event: 2486.988 GC heap before
{Heap before GC invocations=75 (full 3):
 PSYoungGen      total 17408K, used 17135K [0x00000000d5580000, 0x00000000d7280000, 0x0000000100000000)
  eden space 16384K, 99% used [0x00000000d5580000,0x00000000d657ff68,0x00000000d6580000)
  from space 1024K, 73% used [0x00000000d6880000,0x00000000d693c050,0x00000000d6980000)
  to   space 3584K, 0% used [0x00000000d6f00000,0x00000000d6f00000,0x00000000d7280000)
 ParOldGen       total 82432K, used 82066K [0x0000000080000000, 0x0000000085080000, 0x00000000d5580000)
  object space 82432K, 99% used [0x0000000080000000,0x0000000085024a00,0x0000000085080000)
 Metaspace       used 71392K, committed 72896K, reserved 1114112K
  class space    used 7583K, committed 8256K, reserved 1048576K
}
Event: 2486.991 GC heap after
{Heap after GC invocations=75 (full 3):
 PSYoungGen      total 18432K, used 1565K [0x00000000d5580000, 0x00000000d7100000, 0x0000000100000000)
  eden space 16384K, 0% used [0x00000000d5580000,0x00000000d5580000,0x00000000d6580000)
  from space 2048K, 76% used [0x00000000d6f00000,0x00000000d7087560,0x00000000d7100000)
  to   space 2048K, 0% used [0x00000000d6d00000,0x00000000d6d00000,0x00000000d6f00000)
 ParOldGen       total 82432K, used 82298K [0x0000000080000000, 0x0000000085080000, 0x00000000d5580000)
  object space 82432K, 99% used [0x0000000080000000,0x000000008505ea40,0x0000000085080000)
 Metaspace       used 71392K, committed 72896K, reserved 1114112K
  class space    used 7583K, committed 8256K, reserved 1048576K
}

Dll operation events (20 events):
Event: 0.262 Attempting to load shared library C:\Users\asus\.vscode\extensions\redhat.java-1.56.0-win32-x64\jre\21.0.12.1-win32-x86_64\bin\instrument.dll
Event: 0.262 Loaded shared library C:\Users\asus\.vscode\extensions\redhat.java-1.56.0-win32-x64\jre\21.0.12.1-win32-x86_64\bin\instrument.dll
Event: 0.272 Attempting to load shared library C:\Users\asus\.vscode\extensions\redhat.java-1.56.0-win32-x64\jre\21.0.12.1-win32-x86_64\bin\net.dll
Event: 0.274 Loaded shared library C:\Users\asus\.vscode\extensions\redhat.java-1.56.0-win32-x64\jre\21.0.12.1-win32-x86_64\bin\net.dll
Event: 0.279 Attempting to load shared library C:\Users\asus\.vscode\extensions\redhat.java-1.56.0-win32-x64\jre\21.0.12.1-win32-x86_64\bin\nio.dll
Event: 0.279 Loaded shared library C:\Users\asus\.vscode\extensions\redhat.java-1.56.0-win32-x64\jre\21.0.12.1-win32-x86_64\bin\nio.dll
Event: 0.290 Attempting to load shared library C:\Users\asus\.vscode\extensions\redhat.java-1.56.0-win32-x64\jre\21.0.12.1-win32-x86_64\bin\zip.dll
Event: 0.290 Loaded shared library C:\Users\asus\.vscode\extensions\redhat.java-1.56.0-win32-x64\jre\21.0.12.1-win32-x86_64\bin\zip.dll
Event: 0.342 Attempting to load shared library C:\Users\asus\.vscode\extensions\redhat.java-1.56.0-win32-x64\jre\21.0.12.1-win32-x86_64\bin\jimage.dll
Event: 0.342 Loaded shared library C:\Users\asus\.vscode\extensions\redhat.java-1.56.0-win32-x64\jre\21.0.12.1-win32-x86_64\bin\jimage.dll
Event: 0.569 Attempting to load shared library c:\Users\asus\.vscode\extensions\redhat.java-1.56.0-win32-x64\jre\21.0.12.1-win32-x86_64\bin\verify.dll
Event: 0.570 Loaded shared library c:\Users\asus\.vscode\extensions\redhat.java-1.56.0-win32-x64\jre\21.0.12.1-win32-x86_64\bin\verify.dll
Event: 15.302 Attempting to load shared library C:\Users\asus\AppData\Roaming\Code\User\globalStorage\redhat.java\1.56.0\config_win\org.eclipse.equinox.launcher\org.eclipse.equinox.launcher.win32.win32.x86_64_1.3.100.v20260804-1928\eclipse_11924.dll
Event: 15.507 Loaded shared library C:\Users\asus\AppData\Roaming\Code\User\globalStorage\redhat.java\1.56.0\config_win\org.eclipse.equinox.launcher\org.eclipse.equinox.launcher.win32.win32.x86_64_1.3.100.v20260804-1928\eclipse_11924.dll
Event: 34.385 Attempting to load shared library C:\Users\asus\AppData\Local\Temp\jna-3003984\jna16492099861155247773.dll
Event: 34.482 Loaded shared library C:\Users\asus\AppData\Local\Temp\jna-3003984\jna16492099861155247773.dll
Event: 38.481 Attempting to load shared library C:\Users\asus\.vscode\extensions\redhat.java-1.56.0-win32-x64\jre\21.0.12.1-win32-x86_64\bin\sunmscapi.dll
Event: 38.783 Loaded shared library C:\Users\asus\.vscode\extensions\redhat.java-1.56.0-win32-x64\jre\21.0.12.1-win32-x86_64\bin\sunmscapi.dll
Event: 39.898 Attempting to load shared library C:\Users\asus\.vscode\extensions\redhat.java-1.56.0-win32-x64\jre\21.0.12.1-win32-x86_64\bin\extnet.dll
Event: 39.983 Loaded shared library C:\Users\asus\.vscode\extensions\redhat.java-1.56.0-win32-x64\jre\21.0.12.1-win32-x86_64\bin\extnet.dll

Deoptimization events (20 events):
Event: 2315.816 Thread 0x000001d55e8c5040 Uncommon trap: trap_request=0xffffffc6 fr.pc=0x000001d510ad9154 relative=0x0000000000000494
Event: 2315.816 Thread 0x000001d55e8c5040 Uncommon trap: reason=bimorphic_or_optimized_type_check action=maybe_recompile pc=0x000001d510ad9154 method=org.eclipse.jdt.internal.compiler.parser.Parser.consumeRule(I)V @ 5947 c2
Event: 2315.816 Thread 0x000001d55e8c5040 DEOPT PACKING pc=0x000001d510ad9154 sp=0x0000009d681feda0
Event: 2315.816 Thread 0x000001d55e8c5040 DEOPT UNPACKING pc=0x000001d50fcf3aa2 sp=0x0000009d681fed48 mode 2
Event: 2315.816 Thread 0x000001d55e8c5040 Uncommon trap: trap_request=0xffffffc6 fr.pc=0x000001d510ad9154 relative=0x0000000000000494
Event: 2315.816 Thread 0x000001d55e8c5040 Uncommon trap: reason=bimorphic_or_optimized_type_check action=maybe_recompile pc=0x000001d510ad9154 method=org.eclipse.jdt.internal.compiler.parser.Parser.consumeRule(I)V @ 5947 c2
Event: 2315.816 Thread 0x000001d55e8c5040 DEOPT PACKING pc=0x000001d510ad9154 sp=0x0000009d681feda0
Event: 2315.816 Thread 0x000001d55e8c5040 DEOPT UNPACKING pc=0x000001d50fcf3aa2 sp=0x0000009d681fed48 mode 2
Event: 2315.870 Thread 0x000001d564f56490 DEOPT PACKING pc=0x000001d509083304 sp=0x0000009d67cfe320
Event: 2315.870 Thread 0x000001d564f56490 DEOPT UNPACKING pc=0x000001d50fcf4242 sp=0x0000009d67cfd7d8 mode 0
Event: 2475.337 Thread 0x000001d55e8c84c0 Uncommon trap: trap_request=0xfffffff4 fr.pc=0x000001d510a05028 relative=0x0000000000000108
Event: 2475.337 Thread 0x000001d55e8c84c0 Uncommon trap: reason=null_check action=make_not_entrant pc=0x000001d510a05028 method=org.eclipse.jdt.internal.core.PackageFragment.equals(Ljava/lang/Object;)Z @ 8 c2
Event: 2475.337 Thread 0x000001d55e8c84c0 DEOPT PACKING pc=0x000001d510a05028 sp=0x0000009d691fe2e0
Event: 2475.337 Thread 0x000001d55e8c84c0 DEOPT UNPACKING pc=0x000001d50fcf3aa2 sp=0x0000009d691fe278 mode 2
Event: 2475.512 Thread 0x000001d564f56490 Uncommon trap: trap_request=0xffffff45 fr.pc=0x000001d510af81c8 relative=0x0000000000001e88
Event: 2475.512 Thread 0x000001d564f56490 Uncommon trap: reason=unstable_if action=reinterpret pc=0x000001d510af81c8 method=org.eclipse.jdt.internal.core.Openable.exists()Z @ 16 c2
Event: 2475.512 Thread 0x000001d564f56490 DEOPT PACKING pc=0x000001d510af81c8 sp=0x0000009d67cfe410
Event: 2475.512 Thread 0x000001d564f56490 DEOPT UNPACKING pc=0x000001d50fcf3aa2 sp=0x0000009d67cfe408 mode 2
Event: 2613.338 Thread 0x000001d55e8c77a0 DEOPT PACKING pc=0x000001d509083304 sp=0x0000009d692fe400
Event: 2613.338 Thread 0x000001d55e8c77a0 DEOPT UNPACKING pc=0x000001d50fcf4242 sp=0x0000009d692fd8b8 mode 0

Classes loaded (20 events):
Event: 2207.549 Loading class java/util/concurrent/ArrayBlockingQueue
Event: 2207.550 Loading class java/util/concurrent/ArrayBlockingQueue done
Event: 2209.095 Loading class java/nio/file/attribute/PosixFileAttributeView
Event: 2209.095 Loading class java/nio/file/attribute/PosixFileAttributeView done
Event: 2209.095 Loading class java/nio/file/attribute/DosFileAttributeView
Event: 2209.095 Loading class java/nio/file/attribute/DosFileAttributeView done
Event: 2209.095 Loading class java/nio/file/attribute/UserDefinedFileAttributeView
Event: 2209.096 Loading class java/nio/file/attribute/UserDefinedFileAttributeView done
Event: 2209.135 Loading class java/nio/BufferMismatch
Event: 2209.136 Loading class java/nio/BufferMismatch done
Event: 2209.136 Loading class java/nio/file/attribute/PosixFileAttributes
Event: 2209.136 Loading class java/nio/file/attribute/PosixFileAttributes done
Event: 2209.639 Loading class sun/nio/fs/WindowsFileCopy
Event: 2209.646 Loading class sun/nio/fs/WindowsFileCopy done
Event: 2213.008 Loading class java/util/concurrent/ConcurrentHashMap$TreeNode
Event: 2213.009 Loading class java/util/concurrent/ConcurrentHashMap$TreeNode done
Event: 2213.009 Loading class java/util/concurrent/ConcurrentHashMap$TreeBin
Event: 2213.009 Loading class java/util/concurrent/ConcurrentHashMap$TreeBin done
Event: 2213.451 Loading class sun/nio/ch/ChannelOutputStream
Event: 2213.452 Loading class sun/nio/ch/ChannelOutputStream done

Classes unloaded (7 events):
Event: 35.517 Thread 0x000001d5056125b0 Unloading class 0x000001d51d1a9400 'java/lang/invoke/LambdaForm$MH+0x000001d51d1a9400'
Event: 35.517 Thread 0x000001d5056125b0 Unloading class 0x000001d51d1a9000 'java/lang/invoke/LambdaForm$MH+0x000001d51d1a9000'
Event: 35.517 Thread 0x000001d5056125b0 Unloading class 0x000001d51d1a8c00 'java/lang/invoke/LambdaForm$MH+0x000001d51d1a8c00'
Event: 35.517 Thread 0x000001d5056125b0 Unloading class 0x000001d51d1a8800 'java/lang/invoke/LambdaForm$MH+0x000001d51d1a8800'
Event: 35.517 Thread 0x000001d5056125b0 Unloading class 0x000001d51d1a8400 'java/lang/invoke/LambdaForm$BMH+0x000001d51d1a8400'
Event: 35.517 Thread 0x000001d5056125b0 Unloading class 0x000001d51d1a8000 'java/lang/invoke/LambdaForm$DMH+0x000001d51d1a8000'
Event: 35.517 Thread 0x000001d5056125b0 Unloading class 0x000001d51d1a6c00 'java/lang/invoke/LambdaForm$DMH+0x000001d51d1a6c00'

Classes redefined (0 events):
No events

Internal exceptions (20 events):
Event: 2207.689 Thread 0x000001d564f56490 Implicit null exception at 0x000001d510870495 to 0x000001d510870a84
Event: 2207.870 Thread 0x000001d55e8c77a0 Exception <a 'java/lang/IncompatibleClassChangeError'{0x00000000d65641b0}: Found class java.lang.Object, but interface was expected> (0x00000000d65641b0) 
thrown [s\src\hotspot\share\interpreter\linkResolver.cpp, line 840]
Event: 2207.871 Thread 0x000001d55e8c77a0 Exception <a 'java/lang/IncompatibleClassChangeError'{0x00000000d6567e08}: Found class java.lang.Object, but interface was expected> (0x00000000d6567e08) 
thrown [s\src\hotspot\share\interpreter\linkResolver.cpp, line 840]
Event: 2208.360 Thread 0x000001d564f522f0 Exception <a 'java/lang/ArrayIndexOutOfBoundsException'{0x00000000d58382d0}> (0x00000000d58382d0) 
thrown [s\src\hotspot\share\runtime\sharedRuntime.cpp, line 625]
Event: 2209.646 Thread 0x000001d55e8c5040 Exception <a 'sun/nio/fs/WindowsException'{0x00000000d5ae9818}> (0x00000000d5ae9818) 
thrown [s\src\hotspot\share\prims\jni.cpp, line 520]
Event: 2210.164 Thread 0x000001d55e8c5040 Exception <a 'sun/nio/fs/WindowsException'{0x00000000d60cf780}> (0x00000000d60cf780) 
thrown [s\src\hotspot\share\prims\jni.cpp, line 520]
Event: 2210.164 Thread 0x000001d55e8c5040 Exception <a 'sun/nio/fs/WindowsException'{0x00000000d60cfa78}> (0x00000000d60cfa78) 
thrown [s\src\hotspot\share\prims\jni.cpp, line 520]
Event: 2210.168 Thread 0x000001d55e8c5040 Exception <a 'sun/nio/fs/WindowsException'{0x00000000d60d01b8}> (0x00000000d60d01b8) 
thrown [s\src\hotspot\share\prims\jni.cpp, line 520]
Event: 2210.168 Thread 0x000001d55e8c5040 Exception <a 'sun/nio/fs/WindowsException'{0x00000000d60d04b0}> (0x00000000d60d04b0) 
thrown [s\src\hotspot\share\prims\jni.cpp, line 520]
Event: 2210.188 Thread 0x000001d55e8c5040 Implicit null exception at 0x000001d510934862 to 0x000001d510934c98
Event: 2213.308 Thread 0x000001d55e8c5040 Exception <a 'sun/nio/fs/WindowsException'{0x00000000d55950c0}> (0x00000000d55950c0) 
thrown [s\src\hotspot\share\prims\jni.cpp, line 520]
Event: 2213.309 Thread 0x000001d55e8c5040 Exception <a 'sun/nio/fs/WindowsException'{0x00000000d5596020}> (0x00000000d5596020) 
thrown [s\src\hotspot\share\prims\jni.cpp, line 520]
Event: 2213.329 Thread 0x000001d55e8c5040 Exception <a 'java/io/FileNotFoundException'{0x00000000d5a11220}> (0x00000000d5a11220) 
thrown [s\src\hotspot\share\prims\jni.cpp, line 520]
Event: 2231.807 Thread 0x000001d564f522f0 Exception <a 'java/lang/ArrayIndexOutOfBoundsException'{0x00000000d63d6178}> (0x00000000d63d6178) 
thrown [s\src\hotspot\share\runtime\sharedRuntime.cpp, line 625]
Event: 2315.806 Thread 0x000001d55e8c5040 Exception <a 'sun/nio/fs/WindowsException'{0x00000000d59845b0}> (0x00000000d59845b0) 
thrown [s\src\hotspot\share\prims\jni.cpp, line 520]
Event: 2475.337 Thread 0x000001d55e8c84c0 Implicit null exception at 0x000001d510a04f66 to 0x000001d510a05019
Event: 2507.291 Thread 0x000001d564f56490 Exception <a 'sun/nio/fs/WindowsException'{0x00000000d577dde8}> (0x00000000d577dde8) 
thrown [s\src\hotspot\share\prims\jni.cpp, line 520]
Event: 2507.291 Thread 0x000001d564f56490 Exception <a 'sun/nio/fs/WindowsException'{0x00000000d577e900}> (0x00000000d577e900) 
thrown [s\src\hotspot\share\prims\jni.cpp, line 520]
Event: 2599.808 Thread 0x000001d564f55770 Exception <a 'sun/nio/fs/WindowsException'{0x00000000d58f5928}> (0x00000000d58f5928) 
thrown [s\src\hotspot\share\prims\jni.cpp, line 520]
Event: 2599.816 Thread 0x000001d564f55770 Exception <a 'sun/nio/fs/WindowsException'{0x00000000d5926008}> (0x00000000d5926008) 
thrown [s\src\hotspot\share\prims\jni.cpp, line 520]

ZGC Phase Switch (0 events):
No events

VM Operations (20 events):
Event: 2345.612 Executing non-safepoint VM operation: HandshakeAllThreads (HandshakeForDeflation)
Event: 2345.612 Executing non-safepoint VM operation: HandshakeAllThreads (HandshakeForDeflation) done
Event: 2345.612 Executing non-safepoint VM operation: RendezvousGCThreads
Event: 2345.612 Executing non-safepoint VM operation: RendezvousGCThreads done
Event: 2441.376 Executing safepoint VM operation: Cleanup
Event: 2441.376 Executing safepoint VM operation: Cleanup done
Event: 2475.573 Executing safepoint VM operation: Cleanup
Event: 2475.573 Executing safepoint VM operation: Cleanup done
Event: 2486.988 Executing safepoint VM operation: ParallelGCFailedAllocation (Allocation Failure)
Event: 2486.991 Executing safepoint VM operation: ParallelGCFailedAllocation (Allocation Failure) done
Event: 2488.992 Executing safepoint VM operation: Cleanup
Event: 2488.992 Executing safepoint VM operation: Cleanup done
Event: 2508.064 Executing safepoint VM operation: Cleanup
Event: 2508.064 Executing safepoint VM operation: Cleanup done
Event: 2525.795 Executing non-safepoint VM operation: HandshakeAllThreads (HandshakeForDeflation)
Event: 2525.795 Executing non-safepoint VM operation: HandshakeAllThreads (HandshakeForDeflation) done
Event: 2525.795 Executing non-safepoint VM operation: RendezvousGCThreads
Event: 2525.795 Executing non-safepoint VM operation: RendezvousGCThreads done
Event: 2600.312 Executing safepoint VM operation: Cleanup
Event: 2600.312 Executing safepoint VM operation: Cleanup done

Memory protections (0 events):
No events

Nmethod flushes (20 events):
Event: 50.294 Thread 0x000001d5056125b0 flushing  nmethod 0x000001d509054b90
Event: 50.294 Thread 0x000001d5056125b0 flushing  nmethod 0x000001d509077590
Event: 50.294 Thread 0x000001d5056125b0 flushing  nmethod 0x000001d50907aa90
Event: 50.294 Thread 0x000001d5056125b0 flushing  nmethod 0x000001d50907ae10
Event: 50.294 Thread 0x000001d5056125b0 flushing  nmethod 0x000001d50907b190
Event: 50.294 Thread 0x000001d5056125b0 flushing  nmethod 0x000001d50907b790
Event: 50.294 Thread 0x000001d5056125b0 flushing  nmethod 0x000001d50909c910
Event: 50.294 Thread 0x000001d5056125b0 flushing  nmethod 0x000001d50909d890
Event: 50.294 Thread 0x000001d5056125b0 flushing  nmethod 0x000001d50909df90
Event: 50.294 Thread 0x000001d5056125b0 flushing  nmethod 0x000001d50909e590
Event: 50.294 Thread 0x000001d5056125b0 flushing  nmethod 0x000001d50909ee10
Event: 50.294 Thread 0x000001d5056125b0 flushing  nmethod 0x000001d5090a3c10
Event: 50.294 Thread 0x000001d5056125b0 flushing  nmethod 0x000001d5090ac410
Event: 50.294 Thread 0x000001d5056125b0 flushing  nmethod 0x000001d5090b1510
Event: 50.294 Thread 0x000001d5056125b0 flushing  nmethod 0x000001d5090dec90
Event: 50.294 Thread 0x000001d5056125b0 flushing  nmethod 0x000001d5090fb590
Event: 50.294 Thread 0x000001d5056125b0 flushing  nmethod 0x000001d5090fef90
Event: 50.294 Thread 0x000001d5056125b0 flushing  nmethod 0x000001d50913c890
Event: 50.294 Thread 0x000001d5056125b0 flushing  nmethod 0x000001d50913f310
Event: 50.294 Thread 0x000001d5056125b0 flushing  nmethod 0x000001d509140090

Events (20 events):
Event: 2315.872 Thread 0x000001d564f56490 Thread added: 0x000001d564f536a0
Event: 2315.893 Thread 0x000001d564f56490 Thread added: 0x000001d564f58560
Event: 2315.961 Thread 0x000001d55e8d1320 Thread added: 0x000001d5642b52b0
Event: 2316.089 Thread 0x000001d55e8c49b0 Thread added: 0x000001d564f58bf0
Event: 2316.336 Thread 0x000001d5642b52b0 Thread exited: 0x000001d5642b52b0
Event: 2375.908 Thread 0x000001d564f58560 Thread exited: 0x000001d564f58560
Event: 2378.183 Thread 0x000001d55e8c49b0 Thread exited: 0x000001d55e8c49b0
Event: 2378.605 Thread 0x000001d564f571b0 Thread exited: 0x000001d564f571b0
Event: 2438.614 Thread 0x000001d564f522f0 Thread exited: 0x000001d564f522f0
Event: 2475.461 Thread 0x000001d564f56490 Thread added: 0x000001d564f55770
Event: 2477.001 Thread 0x000001d564f58bf0 Thread exited: 0x000001d564f58bf0
Event: 2501.055 Thread 0x000001d564f53010 Thread exited: 0x000001d564f53010
Event: 2507.288 Thread 0x000001d564f56490 Thread added: 0x000001d564f522f0
Event: 2507.289 Thread 0x000001d564f522f0 Thread exited: 0x000001d564f522f0
Event: 2507.293 Thread 0x000001d564f56490 Thread added: 0x000001d564f522f0
Event: 2507.294 Thread 0x000001d564f522f0 Thread exited: 0x000001d564f522f0
Event: 2507.446 Thread 0x000001d564f543c0 Thread exited: 0x000001d564f543c0
Event: 2513.199 Thread 0x000001d564f53d30 Thread exited: 0x000001d564f53d30
Event: 2599.874 Thread 0x000001d55e8d1320 Thread added: 0x000001d566317450
Event: 2600.263 Thread 0x000001d566317450 Thread exited: 0x000001d566317450


Dynamic libraries:
0x00007ff68a720000 - 0x00007ff68a72e000 	c:\Users\asus\.vscode\extensions\redhat.java-1.56.0-win32-x64\jre\21.0.12.1-win32-x86_64\bin\java.exe
0x00007ffe30ac0000 - 0x00007ffe30d27000 	C:\WINDOWS\SYSTEM32\ntdll.dll
0x00007ffe2fe10000 - 0x00007ffe2feda000 	C:\WINDOWS\System32\KERNEL32.DLL
0x00007ffe2e270000 - 0x00007ffe2e672000 	C:\WINDOWS\System32\KERNELBASE.dll
0x00007ffe2e110000 - 0x00007ffe2e25c000 	C:\WINDOWS\System32\ucrtbase.dll
0x00007ffe128f0000 - 0x00007ffe1290e000 	c:\Users\asus\.vscode\extensions\redhat.java-1.56.0-win32-x64\jre\21.0.12.1-win32-x86_64\bin\VCRUNTIME140.dll
0x00007ffe12a20000 - 0x00007ffe12a38000 	c:\Users\asus\.vscode\extensions\redhat.java-1.56.0-win32-x64\jre\21.0.12.1-win32-x86_64\bin\jli.dll
0x00007ffe2f5c0000 - 0x00007ffe2f78f000 	C:\WINDOWS\System32\USER32.dll
0x00007ffe2df50000 - 0x00007ffe2df77000 	C:\WINDOWS\System32\win32u.dll
0x00007ffe2f7a0000 - 0x00007ffe2f7cb000 	C:\WINDOWS\System32\GDI32.dll
0x00007ffe2de20000 - 0x00007ffe2df49000 	C:\WINDOWS\System32\gdi32full.dll
0x00007ffe2e740000 - 0x00007ffe2e7e3000 	C:\WINDOWS\System32\msvcp_win.dll
0x00007ffe19aa0000 - 0x00007ffe19d30000 	C:\WINDOWS\WinSxS\amd64_microsoft.windows.common-controls_6595b64144ccf1df_6.0.26100.9278_none_3e0d1ba8e3303201\COMCTL32.dll
0x00007ffe2e810000 - 0x00007ffe2e8b9000 	C:\WINDOWS\System32\msvcrt.dll
0x00007ffe2f7d0000 - 0x00007ffe2f801000 	C:\WINDOWS\System32\IMM32.DLL
0x00007ffe1cd50000 - 0x00007ffe1cd5c000 	c:\Users\asus\.vscode\extensions\redhat.java-1.56.0-win32-x64\jre\21.0.12.1-win32-x86_64\bin\vcruntime140_1.dll
0x00007ffdcb330000 - 0x00007ffdcb3bd000 	c:\Users\asus\.vscode\extensions\redhat.java-1.56.0-win32-x64\jre\21.0.12.1-win32-x86_64\bin\msvcp140.dll
0x00007ffd44ff0000 - 0x00007ffd45d92000 	c:\Users\asus\.vscode\extensions\redhat.java-1.56.0-win32-x64\jre\21.0.12.1-win32-x86_64\bin\server\jvm.dll
0x00007ffe2eca0000 - 0x00007ffe2ed5c000 	C:\WINDOWS\System32\ADVAPI32.dll
0x00007ffe2f510000 - 0x00007ffe2f5b9000 	C:\WINDOWS\System32\sechost.dll
0x00007ffe2fc00000 - 0x00007ffe2fd18000 	C:\WINDOWS\System32\RPCRT4.dll
0x00007ffe2fa10000 - 0x00007ffe2fa90000 	C:\WINDOWS\System32\WS2_32.dll
0x00007ffe2db30000 - 0x00007ffe2db8e000 	C:\WINDOWS\SYSTEM32\POWRPROF.dll
0x00007ffe23300000 - 0x00007ffe2330b000 	C:\WINDOWS\SYSTEM32\VERSION.dll
0x00007ffe23c90000 - 0x00007ffe23cc6000 	C:\WINDOWS\SYSTEM32\WINMM.dll
0x00007ffe2db10000 - 0x00007ffe2db25000 	C:\WINDOWS\SYSTEM32\UMPDC.dll
0x00007ffe2c9a0000 - 0x00007ffe2c9bb000 	C:\WINDOWS\SYSTEM32\kernel.appcore.dll
0x00007ffe12a10000 - 0x00007ffe12a1a000 	c:\Users\asus\.vscode\extensions\redhat.java-1.56.0-win32-x64\jre\21.0.12.1-win32-x86_64\bin\jimage.dll
0x00007ffe2b280000 - 0x00007ffe2b4c2000 	C:\WINDOWS\SYSTEM32\DBGHELP.DLL
0x00007ffe301d0000 - 0x00007ffe30554000 	C:\WINDOWS\System32\combase.dll
0x00007ffe2faa0000 - 0x00007ffe2fb79000 	C:\WINDOWS\System32\OLEAUT32.dll
0x00007ffe0f700000 - 0x00007ffe0f73b000 	C:\WINDOWS\SYSTEM32\dbgcore.DLL
0x00007ffe2dcd0000 - 0x00007ffe2dd7c000 	C:\WINDOWS\System32\bcryptPrimitives.dll
0x00007ffe119b0000 - 0x00007ffe119bf000 	c:\Users\asus\.vscode\extensions\redhat.java-1.56.0-win32-x64\jre\21.0.12.1-win32-x86_64\bin\instrument.dll
0x00007ffe01f40000 - 0x00007ffe01f60000 	c:\Users\asus\.vscode\extensions\redhat.java-1.56.0-win32-x64\jre\21.0.12.1-win32-x86_64\bin\java.dll
0x00007ffe2ed70000 - 0x00007ffe2f508000 	C:\WINDOWS\System32\SHELL32.dll
0x00007ffe2b750000 - 0x00007ffe2bffe000 	C:\WINDOWS\SYSTEM32\windows.storage.dll
0x00007ffe2f810000 - 0x00007ffe2f90b000 	C:\WINDOWS\System32\SHCORE.dll
0x00007ffe2ff40000 - 0x00007ffe2ffa6000 	C:\WINDOWS\System32\shlwapi.dll
0x00007ffe2dbf0000 - 0x00007ffe2dc19000 	C:\WINDOWS\SYSTEM32\profapi.dll
0x00007ffe01f60000 - 0x00007ffe01f78000 	c:\Users\asus\.vscode\extensions\redhat.java-1.56.0-win32-x64\jre\21.0.12.1-win32-x86_64\bin\zip.dll
0x00007ffe03210000 - 0x00007ffe03220000 	C:\Users\asus\.vscode\extensions\redhat.java-1.56.0-win32-x64\jre\21.0.12.1-win32-x86_64\bin\net.dll
0x00007ffe21aa0000 - 0x00007ffe21bca000 	C:\WINDOWS\SYSTEM32\WINHTTP.dll
0x00007ffe2cf60000 - 0x00007ffe2cfcc000 	C:\WINDOWS\system32\mswsock.dll
0x00007ffdef2d0000 - 0x00007ffdef2e6000 	C:\Users\asus\.vscode\extensions\redhat.java-1.56.0-win32-x64\jre\21.0.12.1-win32-x86_64\bin\nio.dll
0x00007ffe02260000 - 0x00007ffe02270000 	c:\Users\asus\.vscode\extensions\redhat.java-1.56.0-win32-x64\jre\21.0.12.1-win32-x86_64\bin\verify.dll
0x00007ffd78620000 - 0x00007ffd78665000 	C:\Users\asus\AppData\Roaming\Code\User\globalStorage\redhat.java\1.56.0\config_win\org.eclipse.equinox.launcher\org.eclipse.equinox.launcher.win32.win32.x86_64_1.3.100.v20260804-1928\eclipse_11924.dll
0x00007ffe30000000 - 0x00007ffe30199000 	C:\WINDOWS\System32\ole32.dll
0x00007ffe2d250000 - 0x00007ffe2d26b000 	C:\WINDOWS\SYSTEM32\CRYPTSP.dll
0x00007ffe2c900000 - 0x00007ffe2c939000 	C:\WINDOWS\system32\rsaenh.dll
0x00007ffe2d010000 - 0x00007ffe2d044000 	C:\WINDOWS\SYSTEM32\USERENV.dll
0x00007ffe2dbc0000 - 0x00007ffe2dbea000 	C:\WINDOWS\SYSTEM32\bcrypt.dll
0x00007ffe2d270000 - 0x00007ffe2d27c000 	C:\WINDOWS\SYSTEM32\CRYPTBASE.dll
0x00007ffe2c3c0000 - 0x00007ffe2c3f3000 	C:\WINDOWS\SYSTEM32\IPHLPAPI.DLL
0x00007ffe301c0000 - 0x00007ffe301ca000 	C:\WINDOWS\System32\NSI.dll
0x00007ffdcadb0000 - 0x00007ffdcadf9000 	C:\Users\asus\AppData\Local\Temp\jna-3003984\jna16492099861155247773.dll
0x00007ffe301a0000 - 0x00007ffe301a8000 	C:\WINDOWS\System32\PSAPI.DLL
0x00007ffe21d00000 - 0x00007ffe21d1d000 	C:\WINDOWS\SYSTEM32\dhcpcsvc6.DLL
0x00007ffe21cd0000 - 0x00007ffe21cf5000 	C:\WINDOWS\SYSTEM32\dhcpcsvc.DLL
0x00007ffe129a0000 - 0x00007ffe129ae000 	C:\Users\asus\.vscode\extensions\redhat.java-1.56.0-win32-x64\jre\21.0.12.1-win32-x86_64\bin\sunmscapi.dll
0x00007ffe2df80000 - 0x00007ffe2e0fe000 	C:\WINDOWS\System32\CRYPT32.dll
0x00007ffe2d490000 - 0x00007ffe2d4c0000 	C:\WINDOWS\SYSTEM32\ncrypt.dll
0x00007ffe2d440000 - 0x00007ffe2d47f000 	C:\WINDOWS\SYSTEM32\NTASN1.dll
0x00007ffe2c460000 - 0x00007ffe2c5b8000 	C:\WINDOWS\SYSTEM32\DNSAPI.dll
0x00007ffe2ccf0000 - 0x00007ffe2ccfd000 	C:\WINDOWS\SYSTEM32\DSPARSE.dll
0x00007ffe23ad0000 - 0x00007ffe23adb000 	C:\Windows\System32\rasadhlp.dll
0x00007ffe21fa0000 - 0x00007ffe22026000 	C:\WINDOWS\System32\fwpuclnt.dll
0x00007ffe12990000 - 0x00007ffe12999000 	C:\Users\asus\.vscode\extensions\redhat.java-1.56.0-win32-x64\jre\21.0.12.1-win32-x86_64\bin\extnet.dll

JVMTI agents:
c:\Users\asus\.vscode\extensions\redhat.java-1.56.0-win32-x64\lombok\lombok-1.18.39-4050.jar path:c:\Users\asus\.vscode\extensions\redhat.java-1.56.0-win32-x64\jre\21.0.12.1-win32-x86_64\bin\instrument.dll, loaded, initialized, instrumentlib options:none

dbghelp: loaded successfully - version: 4.0.5 - missing functions: none
symbol engine: initialized successfully - sym options: 0x614 - pdb path: .;c:\Users\asus\.vscode\extensions\redhat.java-1.56.0-win32-x64\jre\21.0.12.1-win32-x86_64\bin;C:\WINDOWS\SYSTEM32;C:\WINDOWS\WinSxS\amd64_microsoft.windows.common-controls_6595b64144ccf1df_6.0.26100.9278_none_3e0d1ba8e3303201;c:\Users\asus\.vscode\extensions\redhat.java-1.56.0-win32-x64\jre\21.0.12.1-win32-x86_64\bin\server;C:\Users\asus\AppData\Roaming\Code\User\globalStorage\redhat.java\1.56.0\config_win\org.eclipse.equinox.launcher\org.eclipse.equinox.launcher.win32.win32.x86_64_1.3.100.v20260804-1928;C:\Users\asus\AppData\Local\Temp\jna-3003984

VM Arguments:
jvm_args: --add-modules=ALL-SYSTEM --add-opens=java.base/java.util=ALL-UNNAMED --add-opens=java.base/java.lang=ALL-UNNAMED --add-opens=java.base/sun.nio.fs=ALL-UNNAMED -Declipse.application=org.eclipse.jdt.ls.core.id1 -Dosgi.bundles.defaultStartLevel=4 -Declipse.product=org.eclipse.jdt.ls.core.product -Djava.import.generatesMetadataFilesAtProjectRoot=false -Dm2e.project.cache.size=50 -DDetectVMInstallationsJob.disabled=true -Dfile.encoding=utf8 -XX:+UseParallelGC -XX:GCTimeRatio=4 -XX:AdaptiveSizePolicyWeight=90 -Dsun.zip.disableMemoryMapping=true -Xmx2G -Xms100m -Xlog:disable -javaagent:c:\Users\asus\.vscode\extensions\redhat.java-1.56.0-win32-x64\lombok\lombok-1.18.39-4050.jar -XX:+HeapDumpOnOutOfMemoryError -XX:HeapDumpPath=c:\Users\asus\AppData\Roaming\Code\User\workspaceStorage\1b6b6f3a0179c8af080228ce357b01e7\redhat.java -Daether.dependencyCollector.impl=bf 
java_command: c:\Users\asus\.vscode\extensions\redhat.java-1.56.0-win32-x64\server\plugins\org.eclipse.equinox.launcher_1.8.0.v20260804-1928.jar -configuration c:\Users\asus\AppData\Roaming\Code\User\globalStorage\redhat.java\1.56.0\config_win -data c:\Users\asus\AppData\Roaming\Code\User\workspaceStorage\1b6b6f3a0179c8af080228ce357b01e7\redhat.java\jdt_ws --pipe=\\.\pipe\lsp-45dbe8e79f104eca98281d3c175432a2-sock
java_class_path (initial): c:\Users\asus\.vscode\extensions\redhat.java-1.56.0-win32-x64\server\plugins\org.eclipse.equinox.launcher_1.8.0.v20260804-1928.jar
Launcher Type: SUN_STANDARD

[Global flags]
    uintx AdaptiveSizePolicyWeight                 = 90                                        {product} {command line}
     intx CICompilerCount                          = 4                                         {product} {ergonomic}
    uintx GCTimeRatio                              = 4                                         {product} {command line}
     bool HeapDumpOnOutOfMemoryError               = true                                   {manageable} {command line}
    ccstr HeapDumpPath                             = c:\Users\asus\AppData\Roaming\Code\User\workspaceStorage\1b6b6f3a0179c8af080228ce357b01e7\redhat.java         {manageable} {command line}
   size_t InitialHeapSize                          = 104857600                                 {product} {command line}
   size_t MaxHeapSize                              = 2147483648                                {product} {command line}
   size_t MaxNewSize                               = 715653120                                 {product} {ergonomic}
   size_t MinHeapDeltaBytes                        = 524288                                    {product} {ergonomic}
   size_t MinHeapSize                              = 104857600                                 {product} {command line}
   size_t NewSize                                  = 34603008                                  {product} {ergonomic}
    uintx NonNMethodCodeHeapSize                   = 5839372                                {pd product} {ergonomic}
    uintx NonProfiledCodeHeapSize                  = 122909434                              {pd product} {ergonomic}
   size_t OldSize                                  = 70254592                                  {product} {ergonomic}
    uintx ProfiledCodeHeapSize                     = 122909434                              {pd product} {ergonomic}
    uintx ReservedCodeCacheSize                    = 251658240                              {pd product} {ergonomic}
     bool SegmentedCodeCache                       = true                                      {product} {ergonomic}
   size_t SoftMaxHeapSize                          = 2147483648                             {manageable} {ergonomic}
     bool UseCompressedOops                        = true                           {product lp64_product} {ergonomic}
     bool UseLargePagesIndividualAllocation        = false                                  {pd product} {ergonomic}
     bool UseParallelGC                            = true                                      {product} {command line}

Logging:
Log output configuration:
 #0: stdout all=off uptime,level,tags foldmultilines=false
 #1: stderr all=off uptime,level,tags foldmultilines=false

Release file:
JAVA_VERSION="21.0.12.1" 
MODULES="java.base java.compiler java.datatransfer java.xml java.prefs java.desktop java.instrument java.logging java.management java.security.sasl java.naming java.rmi java.management.rmi java.net.http java.scripting java.security.jgss java.transaction.xa java.sql java.sql.rowset java.xml.crypto java.se java.smartcardio jdk.accessibility jdk.internal.jvmstat jdk.attach jdk.charsets jdk.internal.opt jdk.zipfs jdk.compiler jdk.crypto.ec jdk.crypto.cryptoki jdk.crypto.mscapi jdk.dynalink jdk.internal.ed jdk.editpad jdk.hotspot.agent jdk.httpserver jdk.internal.le jdk.internal.vm.ci jdk.internal.vm.compiler jdk.internal.vm.compiler.management jdk.jartool jdk.javadoc jdk.jcmd jdk.management jdk.management.agent jdk.jconsole jdk.jdeps jdk.jdwp.agent jdk.jdi jdk.jfr jdk.jshell jdk.jsobject jdk.jstatd jdk.localedata jdk.management.jfr jdk.naming.dns jdk.naming.rmi jdk.net jdk.nio.mapmode jdk.random jdk.sctp jdk.security.auth jdk.security.jgss jdk.unsupported jdk.unsupported.desktop jdk.xml.dom" 

Environment Variables:
JAVA_HOME=D:\java
PATH=D:\VM ware\bin\;C:\Program Files\Common Files\Oracle\Java\javapath;C:\WINDOWS\system32;C:\WINDOWS;C:\WINDOWS\System32\Wbem;C:\WINDOWS\System32\WindowsPowerShell\v1.0\;C:\WINDOWS\System32\OpenSSH\;C:\Program Files\MySQL\MySQL Server 8.0\bin;jdk-23_windows-x64_bin;D:\matlab2\bin;D:\MATLAB\bin;C:\Program Files\Git\cmd;C:\composer;C:\Program Files\nodejs\;C:\Users\asus\Downloads\php-8.5.6-Win32-vs17-x64;C:\Users\asus\AppData\Local\Programs\Python\Python312\Scripts\;C:\Users\asus\AppData\Local\Programs\Python\Python312\;C:\Users\asus\AppData\Local\Programs\Python\Launcher\;C:\Program Files\MySQL\MySQL Shell 8.0\bin\;C:\Users\asus\AppData\Local\Microsoft\WindowsApps;C:\Users\asus\AppData\Local\Programs\Microsoft VS Code\bin;;C:\Users\asus\.lmstudio\bin;C:\Users\asus\AppData\Roaming\Composer\vendor\bin;C:\Users\asus\AppData\Roaming\npm
USERNAME=asus
OS=Windows_NT
PROCESSOR_IDENTIFIER=AMD64 Family 23 Model 160 Stepping 0, AuthenticAMD
TMP=C:\Users\asus\AppData\Local\Temp
TEMP=C:\Users\asus\AppData\Local\Temp




Periodic native trim disabled

---------------  S Y S T E M  ---------------

OS:
 Windows 11 , 64 bit Build 26100 (10.0.26100.9278)
OS uptime: 3 days 8:40 hours

CPU: total 8 (initial active 8) (8 cores per cpu, 2 threads per core) family 23 model 160 stepping 0 microcode 0x8a00006, cx8, cmov, fxsr, ht, mmx, 3dnowpref, sse, sse2, sse3, ssse3, sse4a, sse4.1, sse4.2, popcnt, lzcnt, tsc, tscinvbit, avx, avx2, aes, clmul, bmi1, bmi2, adx, sha, fma, vzeroupper, clflush, clflushopt, rdtscp, rdpid, f16c
Processor Information for the first 8 processors :
  Max Mhz: 2801, Current Mhz: 2483, Mhz Limit: 2801

Memory: 4k page, system-wide physical 15647M (3916M free)
TotalPageFile size 21507M (AvailPageFile size 0M)
current process WorkingSet (physical memory assigned to process): 241M, peak: 318M
current process commit charge ("private bytes"): 1441M, peak: 1443M

vm_info: OpenJDK 64-Bit Server VM (21.0.12.1+1-LTS) for windows-amd64 JRE (21.0.12.1+1-LTS), built on 2026-08-18T00:00:00Z by "admin" with MS VC++ 17.12 (VS2022)

END.
